-- phpMyAdmin SQL Dump
-- version 4.7.9
-- https://www.phpmyadmin.net/
--
-- Hôte : 127.0.0.1:3306
-- Généré le :  lun. 03 sep. 2018 à 15:03
-- Version du serveur :  5.7.21
-- Version de PHP :  7.2.4

SET SQL_MODE = "NO_AUTO_VALUE_ON_ZERO";
SET AUTOCOMMIT = 0;
START TRANSACTION;
SET time_zone = "+00:00";


/*!40101 SET @OLD_CHARACTER_SET_CLIENT=@@CHARACTER_SET_CLIENT */;
/*!40101 SET @OLD_CHARACTER_SET_RESULTS=@@CHARACTER_SET_RESULTS */;
/*!40101 SET @OLD_COLLATION_CONNECTION=@@COLLATION_CONNECTION */;
/*!40101 SET NAMES utf8mb4 */;

--
-- Base de données :  `symfony_ecommerce`
--

-- --------------------------------------------------------

--
-- Structure de la table `admin`
--

DROP TABLE IF EXISTS `admin`;
CREATE TABLE IF NOT EXISTS `admin` (
  `id` int(11) NOT NULL AUTO_INCREMENT,
  `payMethod` longtext COLLATE utf8_unicode_ci NOT NULL COMMENT '(DC2Type:array)',
  `stockWarning` longtext COLLATE utf8_unicode_ci NOT NULL COMMENT '(DC2Type:array)',
  `netMargin` double NOT NULL,
  PRIMARY KEY (`id`)
) ENGINE=InnoDB DEFAULT CHARSET=utf8 COLLATE=utf8_unicode_ci;

-- --------------------------------------------------------

--
-- Structure de la table `article`
--

DROP TABLE IF EXISTS `article`;
CREATE TABLE IF NOT EXISTS `article` (
  `id` int(11) NOT NULL AUTO_INCREMENT,
  `user_order_id` int(11) DEFAULT NULL,
  `characteristics_id` int(11) DEFAULT NULL,
  `supplier_order_id` int(11) DEFAULT NULL,
  `name` varchar(255) COLLATE utf8_unicode_ci NOT NULL,
  `price` double NOT NULL,
  `isbnReference` varchar(255) COLLATE utf8_unicode_ci NOT NULL,
  `stock` int(11) NOT NULL,
  `totalBought` int(11) DEFAULT NULL,
  `nbrClicked` int(11) DEFAULT NULL,
  `category_id` int(11) DEFAULT NULL,
  `cart_element_id` int(11) DEFAULT NULL,
  PRIMARY KEY (`id`),
  UNIQUE KEY `UNIQ_23A0E664B13ADB4` (`characteristics_id`),
  UNIQUE KEY `UNIQ_23A0E667F755AD6` (`cart_element_id`),
  KEY `IDX_23A0E666D128938` (`user_order_id`),
  KEY `IDX_23A0E661605B9` (`supplier_order_id`),
  KEY `IDX_23A0E6612469DE2` (`category_id`)
) ENGINE=InnoDB AUTO_INCREMENT=30 DEFAULT CHARSET=utf8 COLLATE=utf8_unicode_ci;

--
-- Déchargement des données de la table `article`
--

INSERT INTO `article` (`id`, `user_order_id`, `characteristics_id`, `supplier_order_id`, `name`, `price`, `isbnReference`, `stock`, `totalBought`, `nbrClicked`, `category_id`, `cart_element_id`) VALUES
(1, NULL, NULL, NULL, 'Spirale - Tome 1', 50, '9782845802025', 20, NULL, NULL, 3, NULL),
(2, NULL, NULL, NULL, 'Petit manuel de résistance contemporaine - Récits et stratégies pour transformer le monde', 15, '9782330101442', 20, NULL, NULL, 11, NULL),
(3, NULL, NULL, NULL, 'Les leçons du pouvoir', 22, '9782234084971', 2, NULL, NULL, 19, NULL),
(4, NULL, NULL, NULL, 'Mon p\'tit cahier My family is Happy - L\'organiseur', 14.9, '9782263156021', 20, NULL, NULL, 19, NULL),
(5, NULL, NULL, NULL, 'Le Kama Sutra revu et corrigé par les filles', 12, '9782290076774', 5, NULL, NULL, 2, NULL),
(6, NULL, NULL, NULL, 'L\'art de faire l\'amour à une femme', 6.9, '9782501087490', 500, NULL, NULL, 2, NULL),
(7, NULL, NULL, NULL, 'Les aventures de Sherlock Holmes Tome 1', 3.1, '9782253139591', 50, NULL, NULL, 2, NULL),
(8, NULL, NULL, NULL, 'Allô, Hercule Poirot', 5.6, '9782702446560', 40, NULL, NULL, 2, NULL),
(9, NULL, NULL, NULL, 'La Bible (La Sainte Bible - Ancien et Nouveau Testaments, Louis Segond 1910)', 0.99, '9788087664216', 2147483647, NULL, NULL, 14, NULL),
(10, NULL, NULL, NULL, 'La quête d\'Ewilan Tome 1 - D\'un monde à l\'autre', 7.6, '9782700238938', 30, NULL, NULL, 2, NULL),
(11, NULL, NULL, NULL, 'Ellana Tome 1 - Enfance', 14.95, '9782344011843', 30, NULL, NULL, 4, NULL),
(12, NULL, NULL, NULL, 'Star Wars, Dark Vador - Le seigneur noir des Sith Tome 1 - L\'élu', 16, '9782809471342', 50, NULL, NULL, 5, NULL),
(13, NULL, NULL, NULL, 'Ultimate Star Wars', 29.95, '9782012206311', 60, NULL, NULL, 21, NULL),
(14, NULL, NULL, NULL, 'Qu\'est-ce qui fait sourire les animaux ? - Enquête sur leurs émotions et leurs sentiments', 24.5, '9782311101539', 20, NULL, NULL, 16, NULL),
(15, NULL, NULL, NULL, 'BTS MUC Toutes les matières - 1re et 2e années', 15.9, '9782017015017', 20, NULL, NULL, 13, NULL),
(16, NULL, NULL, NULL, 'LE ROBERT JUNIOR ILLUSTRÉ', 16.99, '9782321012412', 60, NULL, NULL, 6, NULL),
(17, NULL, NULL, NULL, 'QUI A PÉTÉ ?', 14.95, '9782359903614', 20, NULL, NULL, 20, NULL),
(18, NULL, NULL, NULL, 'Guide anatomie physiologie - Aides-soignants et auxiliaires de puériculture', 19.9, '9782294749698', 20, NULL, NULL, 16, NULL),
(19, NULL, NULL, NULL, 'My Hero Academia Tome 1 - Izuku Midoriya : les origines', 6.6, '9782355929489', 29, NULL, NULL, 3, NULL),
(20, NULL, NULL, NULL, 'Dragon Ball Tome 42 - Bye bye Dragon World', 6.9, '9782723449397', 20, NULL, NULL, 3, NULL),
(21, NULL, NULL, NULL, 'Love Mission Tome 1', 6.95, '9782811644000', 40, NULL, NULL, 3, NULL),
(22, NULL, NULL, NULL, 'Übel blatt Tome 1', 7.65, '9782915513684', 60, NULL, NULL, 3, NULL),
(23, NULL, NULL, NULL, 'The Flash - Volume 1, Move Forward', 17.6, '9781401235543', 20, NULL, NULL, 5, NULL),
(24, NULL, NULL, NULL, 'Marvel Legacy : Spider-Man N° 3', 6.5, '9782809473445', 60, NULL, NULL, 5, NULL),
(25, NULL, NULL, NULL, 'L\'Epouvanteur Tome 1 - L\'apprenti Epouvanteur', 7.9, '9782747080569', 20, NULL, NULL, 17, NULL),
(26, NULL, NULL, NULL, 'Eragon Tome 1 - Eragon', 19.9, '9782747014403', 20, NULL, NULL, 8, NULL),
(27, NULL, NULL, NULL, 'Harry Potter et l\'Enfant Maudit', 8.9, '9782075094382', 3, NULL, NULL, 18, NULL),
(28, NULL, NULL, NULL, 'Le Hobbit', 24.4, '9782356414915', 50, NULL, NULL, 8, NULL),
(29, NULL, NULL, NULL, 'Le Canard enchaîné', 1.2, '000000000000', 80, NULL, NULL, 9, NULL);

-- --------------------------------------------------------

--
-- Structure de la table `article_cart`
--

DROP TABLE IF EXISTS `article_cart`;
CREATE TABLE IF NOT EXISTS `article_cart` (
  `article_id` int(11) NOT NULL,
  `cart_id` int(11) NOT NULL,
  PRIMARY KEY (`article_id`,`cart_id`),
  KEY `IDX_BBE10FB67294869C` (`article_id`),
  KEY `IDX_BBE10FB61AD5CDBF` (`cart_id`)
) ENGINE=InnoDB DEFAULT CHARSET=utf8 COLLATE=utf8_unicode_ci;

-- --------------------------------------------------------

--
-- Structure de la table `article_genre`
--

DROP TABLE IF EXISTS `article_genre`;
CREATE TABLE IF NOT EXISTS `article_genre` (
  `article_id` int(11) NOT NULL,
  `genre_id` int(11) NOT NULL,
  PRIMARY KEY (`article_id`,`genre_id`),
  KEY `IDX_F4E741E97294869C` (`article_id`),
  KEY `IDX_F4E741E94296D31F` (`genre_id`)
) ENGINE=InnoDB DEFAULT CHARSET=utf8 COLLATE=utf8_unicode_ci;

--
-- Déchargement des données de la table `article_genre`
--

INSERT INTO `article_genre` (`article_id`, `genre_id`) VALUES
(1, 8),
(1, 36),
(2, 16),
(3, 16),
(4, 29),
(5, 15),
(5, 20),
(5, 23),
(6, 2),
(6, 6),
(6, 20),
(6, 29),
(7, 7),
(7, 49),
(8, 4),
(8, 7),
(9, 2),
(9, 4),
(9, 13),
(9, 28),
(10, 50),
(10, 51),
(11, 50),
(11, 51),
(12, 52),
(13, 12),
(13, 52),
(14, 15),
(14, 31),
(15, 14),
(16, 53),
(17, 2),
(18, 14),
(19, 33),
(20, 33),
(21, 34),
(22, 36),
(23, 52),
(24, 52),
(25, 8),
(25, 51),
(26, 51),
(27, 2),
(28, 51),
(29, 2);

-- --------------------------------------------------------

--
-- Structure de la table `article_image`
--

DROP TABLE IF EXISTS `article_image`;
CREATE TABLE IF NOT EXISTS `article_image` (
  `article_id` int(11) NOT NULL,
  `image_id` int(11) NOT NULL,
  PRIMARY KEY (`article_id`,`image_id`),
  KEY `IDX_B28A764E7294869C` (`article_id`),
  KEY `IDX_B28A764E3DA5256D` (`image_id`)
) ENGINE=InnoDB DEFAULT CHARSET=utf8 COLLATE=utf8_unicode_ci;

--
-- Déchargement des données de la table `article_image`
--

INSERT INTO `article_image` (`article_id`, `image_id`) VALUES
(1, 9),
(2, 11),
(3, 12),
(4, 13),
(5, 14),
(6, 15),
(7, 16),
(8, 17),
(9, 18),
(10, 19),
(11, 20),
(12, 21),
(13, 22),
(14, 23),
(15, 24),
(16, 25),
(17, 26),
(18, 27),
(19, 28),
(20, 29),
(21, 30),
(22, 31),
(23, 32),
(24, 33),
(25, 34),
(26, 35),
(26, 36),
(27, 37),
(28, 38),
(29, 39);

-- --------------------------------------------------------

--
-- Structure de la table `article_supplier`
--

DROP TABLE IF EXISTS `article_supplier`;
CREATE TABLE IF NOT EXISTS `article_supplier` (
  `article_id` int(11) NOT NULL,
  `supplier_id` int(11) NOT NULL,
  PRIMARY KEY (`article_id`,`supplier_id`),
  KEY `IDX_CEC298157294869C` (`article_id`),
  KEY `IDX_CEC298152ADD6D8C` (`supplier_id`)
) ENGINE=InnoDB DEFAULT CHARSET=utf8 COLLATE=utf8_unicode_ci;

-- --------------------------------------------------------

--
-- Structure de la table `author`
--

DROP TABLE IF EXISTS `author`;
CREATE TABLE IF NOT EXISTS `author` (
  `id` int(11) NOT NULL AUTO_INCREMENT,
  `firstName` varchar(255) COLLATE utf8_unicode_ci NOT NULL,
  `lastName` varchar(255) COLLATE utf8_unicode_ci NOT NULL,
  PRIMARY KEY (`id`)
) ENGINE=InnoDB DEFAULT CHARSET=utf8 COLLATE=utf8_unicode_ci;

-- --------------------------------------------------------

--
-- Structure de la table `cart`
--

DROP TABLE IF EXISTS `cart`;
CREATE TABLE IF NOT EXISTS `cart` (
  `id` int(11) NOT NULL AUTO_INCREMENT,
  `preTotal` double NOT NULL,
  `total` double NOT NULL,
  `articleAmount` int(11) NOT NULL,
  `user_id` int(11) DEFAULT NULL,
  PRIMARY KEY (`id`),
  KEY `IDX_BA388B7A76ED395` (`user_id`)
) ENGINE=InnoDB AUTO_INCREMENT=2 DEFAULT CHARSET=utf8 COLLATE=utf8_unicode_ci;

-- --------------------------------------------------------

--
-- Structure de la table `cart_element`
--

DROP TABLE IF EXISTS `cart_element`;
CREATE TABLE IF NOT EXISTS `cart_element` (
  `id` int(11) NOT NULL AUTO_INCREMENT,
  `article_id` int(11) DEFAULT NULL,
  `cart_id` int(11) DEFAULT NULL,
  `quantity` int(11) NOT NULL,
  `isGift` tinyint(1) NOT NULL,
  PRIMARY KEY (`id`),
  UNIQUE KEY `UNIQ_BA9A963E7294869C` (`article_id`),
  KEY `IDX_BA9A963E1AD5CDBF` (`cart_id`)
) ENGINE=InnoDB AUTO_INCREMENT=13 DEFAULT CHARSET=utf8 COLLATE=utf8_unicode_ci;

-- --------------------------------------------------------

--
-- Structure de la table `category`
--

DROP TABLE IF EXISTS `category`;
CREATE TABLE IF NOT EXISTS `category` (
  `id` int(11) NOT NULL AUTO_INCREMENT,
  `name` varchar(255) COLLATE utf8_unicode_ci NOT NULL,
  `picture` longtext COLLATE utf8_unicode_ci,
  PRIMARY KEY (`id`),
  UNIQUE KEY `UNIQ_64C19C15E237E06` (`name`)
) ENGINE=InnoDB AUTO_INCREMENT=23 DEFAULT CHARSET=utf8 COLLATE=utf8_unicode_ci;

--
-- Déchargement des données de la table `category`
--

INSERT INTO `category` (`id`, `name`, `picture`) VALUES
(2, 'Livre de poche', 'data:image/jpeg;base64,/9j/4AAQSkZJRgABAQAAAQABAAD/2wCEAAkGBxAQEBUQEBEVFRUVFRYVFhgVFRUXGBUVFxgYFhcWGBcZHiggGBolHRUVITEhJSkrLi4uFx8zODMtNygtLisBCgoKDg0OGxAQGy0mICUtKy0uLTUtLS0vLS8tLS0tLS0tLS0tLS0tLS0tLS0tLS0tLS0tLS0tLS0tLS0tLS0tLf/AABEIAOEA4QMBEQACEQEDEQH/xAAcAAEAAgIDAQAAAAAAAAAAAAAABgcEBQIDCAH/xABKEAABAwIDBAUIBQgJBAMAAAABAAIDBBEFEiEGBzFBE1FhcYEUIjJykaGxsjVCUnOSFiMzVGLBwtEkJTRDY3SCs9IVF6LwRFVk/8QAGwEBAAIDAQEAAAAAAAAAAAAAAAQFAQMGAgf/xAA7EQACAgECAwMKBAUEAwEAAAAAAQIDBAUREiExE0FRBiIyM2FxkaGxwRQ0gdEVI0JT8DVScvFDYuEk/9oADAMBAAIRAxEAPwC71gwEAQBAEAQBAEAQBAEAQHB8rW+k4DvICHpRb6IwJcfo2aOqoW98jB+9eXZFd5vjh5EukJfBnyPaKicbNq4D3Ss/msdpDxRl4WQutcvgzPiqGPF2vaR2EFe00zRKEo9UdiHgIAgCAIAgCAIAgCAIAgCAIAgCAIAgCAIAgCA6qmoZG0vkcGtHEuNgjaXU9whKb2it2QLH96dNESymaZnD63Bnt5qLPKivR5l7i6BbPna+FfMgeK7wsRnJtL0beqMW07zqo0sib7y9o0bFq/p3ftI1U1ckpvLI95/bcXfFam2+pYwrhBbRSR0LB7OTIy70QT3C6GG0upzilfG67XOY7sJafcibRhxjNc1uiQYXt1iNPbLOXgcpPO951962xvnHvIF2lYtvWO3u5E5wLexE8htXEWH7bNW+I4hSYZafpIpMnyenHnS9/Yyw8PxCGoYJIZGvaebTdSlJNbo5+2myqXDNbMyVk1BAEAQBAEAQBAEAQBAEAQBAEAQBAEBFtsdtqfD25P0kxGkYPDtceQWm26MPeWmn6XblPfpHx/YpfaHaWqrn5p3nLyYNGjw5qvnZKfU7LFwacaO0Fz8e8068EsIZCGCwcH2Qp6SnFdipIBF2Qji6/AHtPUpUaVGPFZ8Cgv1G2+3sMT9ZHfQbyoInhraGNkN7ebbMB1rMclJ+jyPFuiWTju7W5fIzt4W0uFT0hZEGSyuAyFrbGM8bk9fYvV9lbjsupo0rCzK7t57qK6+0qlQjqghgz8HxiopHiSCQtPMcj3jmvUZuL3Rovxqr48Ni3Li2L3hQ1loZ7RTcBf0XnsPI9in1ZClyfU5DUdGnj+fXzj80ThSCkCAIAgCAIAgCAIAgCAIAgCAIAgILvE25FE009OQZ3DU8REDzP7XYo99/ByXUvNJ0p5D7Sz0Pr/8ACk55nSOL3uLnONyTqSTzKrm9ztIxUVslsjghkIZCAnW6nZwVVQaiUXihsdeDpOIHhxUnGr4pbvuKLW8101dnHrL6GDvI2i8tq3NYfzURLGdRI0c72/BeL7OOXsRv0jC/D0Jv0pc3+xE1pLUIAgCGQgANtQhhltbuNvs5bR1jvO0EUh+t1McevqKm0X7+bI5XV9I4d7qVy7190WephzAQBAEAQBAEAQBAEAQBAEAQEZ282nbh9OXDWV/mxjt5uPYFqut4I+0stMwHlW7P0V1KAqJ3SPdI8lznElxPEkqrb35newioRUY9EdaHsIAgPrGFxDWi5JAAHMnQBDy3st2W7jlS3BcIZSMIFRK03txDnfpH+F8o7gp032VfCurOUxoPUc53S9CP26L7lRMYSQ1ouSbADmSoJ1baS3ZNKTAvJZoIDC2erlLXOY8ExwsJ+sBxdbmeC3qvhaW27KezL7eE7OJxrXeurZ170Y6VlYGUzWNLWASBgAbn8NL2TIUVLzT1osrpUb2tvny38CHLQXAQBAEABtqEMF3bsNrfK4vJ5nfnoxoT9dnX3hWGPbxLZ9TitZ07sJ9pBea/kydqSUYQBAEAQBAEAQBAEAQBAddRO2NjnvNmtBJPYEb25nqEHOSiurPOu2GPOrqp8xPmg5Yx1NH81VW2cctz6FgYixqVBde80i1k4IYMukwuomF4oZHjra0ke1ZUW+iNM8iqv0pJfqddVRSxG0sb2es0hGmup6hbCz0GmSzYTDoob4nWaQxfogeMsvLKOdvit1MUvPl0RV6ldOz/APLT6UuvsRH9pMblrqh1RLz0a3kxg4NH/vFa7Juct2T8TFhjVKuH/bJRulwZs1S6okF2wDMPWW7GhvLd9xWa5kuulVx6yMTH9t5nTTGnY2HM5zXPGsjgDYeceA7AvM7nu9uRtxdLrVce0blsuncRKZrw45wQ46nNe5vrc3Wh+0touLXm9Dgh6CAIAgCAzMHxKSlnZPGbOYQe8cwsxk4vdGjIojdW65dGej8ExNlVAydh0e0HuPMK2hJSW6PneTRKix1y7jOXo0BAEAQBAEAQBAEAQBAV9vgx3oaZtKw+fMfO7Ixx9psFFyp7R4fE6DQMTtLXbLpH6lLqAdkEBIdgqSllrmMq3AMsSLmwc4cASttKi57SK7U7LoY7dPUn2M7P4iJi+mr4Y4b+aMwYGN5CwvdSZ1z382XIosfMxezUbam5fHcx5tp4aWN0dbUMrnEWDGRjTveVh2qK2k9zZHBnfJSog614t/YwMRkw3FwwMqXUr2NDWRSAdEO62nivMuC3o9jfUsvAbcocafVrqRTG9kayk858ednKSPz2Ed44eK0TqlHqWmNqNF/KL2fg+TN9uv2op6J0sVQcrJLEOtcAjSx7Ftx7VDdMg6zgWZCjKvqu46MZmwiCV01NnqHlxc1rtImE63PN2vJYm6ovePM948c62ChbtFdN+9kSrKp80jpJDdzjcn9w7Fobbe7LauuNcVGPRHQsGwIDk6NwAJBAPAkce5DypJ8kcUPQQBAWfuZx2z30Tzo7z4+/6w/f7VMxZ/0nMeUGJulfH3P7FtKacoEAQBAEAQBAEAQBAEB552/xU1dfK4G7Wno2dzdPjdVd0+KbZ9B0vH7DGiu982d0G7zE3gObALEAg9JHwP8AqWVj2PuPEtYxIvZy+T/Y44zsJW0lO6pnEbWtLQQH3ccxsLAC3PrSdE4rdmcfVse+1V17tv2EYWksjsM7yLF7resU3PPBHwR9o6V8sjYoxme8hrR1krKTb2RiyyNcXKT5Ike0WwlZQwieXI5mgdkcSWE8L3A9oW2dEoLdlfiatj5NnZw3T9veYWCbV1lJpHKSzmx/nNI7ivMLZR6G7J0+i/0o8/FcmSJmJ4PiGlXCaSY/3kXoE9ZFtPEeK28VU/SWzK90Z+L6qXHHwfU+Ve7Gdw6SiqIqlh1FnZXdnWPeEeM+sXuZr1ytPhvi4v4/58DQVGxuJR+lSS/6RmHtbdanTYu4nQ1LEl0sX0OuLZTEHGzaObxYR7ysdlPwPctQxY83YviSDDd3MrG9PiMjKeFurhmBeR1C2g9p7ltjjtc58kV92swk+zxk5SfwI5tNiUdRN+ZbkhjGSIfsjme0rVZJSfLoWGHRKqHnveT5s1K8EwIAgM7BMQdTVMc7fqPBPdzHsuvUJcMkzRk0q6qVb70el6aYSMa9vBwDh3EXVunvzPm04uMnF9x2IeQgCAIAgCAIAgCA1e1GIeTUc032Y3W9YiwHtIXiyXDFslYVPbXwh4s81uJJudSdT3qpPo+xKN3VZKMSp29I/KXEEZjYjK7QhbqG+0RWatXB4k3st9vuWdvcP9VyevH8wUvK9Wc1oX5xe5lEKuO5CAysKr3007J2WzRuDhfgexZjLhe6NN9SurdcujJltdvGdXU3kzIOjzWMhLs3DWzdBpfmpFuRxx22KjA0VY13aOW+3TkQNRi9CGDIoq+aA5oZXxnrY4t+CypNdDXZVCxbTin7yQU28HFI9BVF3rsjd7y262rIsXeQJ6Phy/o+Df7ndLvKxVwt07R2iKO/vCy8mzxPEdEwk9+H5v8Acj2J4vU1JzVEz5D+07Qdw4BapTlLqywpx6qVtXFIwl5NwQBAEAQF+7r8S6fDo7m7oyYj/p4f+JCsseW8EcJrVPZZcvbz/wA/Uli3lSEAQBAEAQBAEAQEC3y1uSgbEP72VoPqtu/4hqjZUtobF95P1cWS5+C+vL9yk1XnaEi3efSdN65+Ry2UesRXar+Ts933Ram9z6Lf95H8ym5Xqzl9B/OL3MolVx3IQEm2UOHPcyCqgldI9+XO14DdTpottfA+UkVmd+KinOqSSS6bEw3ibI0VHQGWCKz87BmJJNidVvvphCG6KnSdRyMjJ4bJctmafYemwmskZTSU8glLNXF/mvcB51hyvqvFKrk9muZK1KebRF2xmuHfpt0Q3p7Lw0Rikp2ZWOBa4anzhqD8UyKlDZozoufZkKUbHu0QFRi9LPx7Y2iosK8oka4z9G0DztOlcOrs1Pgpk6YQr3fU5nF1LIyMzs4vzd38EazYalwqskjpZKaTpSwlz84yuc0XJtxC8UquTUWuZJ1KeZRGVsZrh36bczd7Z7BRZ4IqOMRg5zK8k2a0W1cStltC3SiQtP1afDOVz36bL2nbspszgsrnQMcaiRgu5xuG9Xm2Wa6qny6nnOztQglY1wp9CN7YbFiPEI6WjBPTNzBpN8mupJ6ua0207TUY95Y4Gp8eLK27+n5m8rdmsJwmJrq3NPK/g2/G3GzeQHWVsdddS87myFXm5ufNqjzYrvOjC6XBMUJgihfTS2Jbrx95B7liKqs5JbM93WahhLtJyUo95Cdp8AloJzDJqOLHDg5vWo9lbg9mXWFmQyq+OP6onm5Ct1qKcn7Ejfe138Ck4kuqKLyjq9Cz3r9vuWsppywQBAEAQBAEAQBAVFvvqbzU8V/RY95Ha4gD5VBy3zSOt8nK9q5z8Wl8P+ys1EOlJFu8+k6b1z8jlso9Yiu1X8nZ7vui1N7n0W/7yP5lNyvVnL6D+cXuZRKrjuQgNjs3/bIPvWfFeq/SRGzPUT9zLi3vfRh+8j+Kn5XqzkdB/N/oymcFrzTVEU7eLHg+F9VAhLhkmdhk0q2qUH3ou/eBQiswxz2akNEzPZf4KxvjxVnFaXa8fMSfjsynNjcO8proIrXGcOd6rfOPwt4qvqjxTSOv1C7scac/Z9Sb76sUu6KkadGjpHd50b7lJy5dIlL5PUcpXPv5Ee3U/SkXqyfKVqxvWIsNb/Jy/T6k83w4o+GkbEw26Z+VxHHKBcjxUnKk1HZFFoFEbL3OX9K+ZUWDYvPRydLTvLXWt1gg8iFBhNxe6OtyMau+HBYt0Wnuoklq5KivqHZ5PNiaT9VtsxA6gbt9imYzcm5M5fW1CiEMetbLqYe8HY/EK6tdLE1pjDWtZd9tALnTvJWLqZznujdpepYuNjqEnz5t8jWbN7AYjT1cMzmNDWPBJDxe3NeK8eakmSMvV8S2mUE3u14Ep3x4c2SiE1vOieLH9l2hC3ZUd47lZoFzjkOHc0QfdHU5MTa2+kkb2e4OHyqPjPawu9dhxYjfg0/sXsrE4YIAgCAIAgCAIAgKM3wTZsSLfsRMHtu796rsp/zDt9Bjtib+LZCVHLskW7z6TpvXPyOW2j1iK7Vfydnu+6LU3ufRb/vI/mUzK9WcvoP5xe5lEquO5Njs7h3lVVFBrZ7gDbjbmvUI8UkiNl3djTKzwRsIqRkOLNijvlZUNaLm5sCOa9pJWbLxI8rJWYTnLq4stLe99GH7yP4qZlerOZ0H83+jKMVcduXruwxIVWHCJ5uY7xO9U8PcrLHlxQ2OG1mjsMrjj38zRbuNn/J8Qq3PFhASxp6g45vlstVFfDN+wnatmdri1pf1c/8AP1K+2txM1VbNNyLyG+q3QKLbLim2X+BR2GPGHsNxup+lIvVk+QrZjesRE1v8nL9PqSvff+jp/Xd8Fuy+iKryc9OfuKlUI6wuTcpKDSSt5iXXxaLH/wB6lPxH5rOO8ootXxfs+5G94m0FdT4jLHHUysZZha1rrAAtHD3rTfZOM2kyy0rDx7cWMpQTfP6ka/K/Ev1yb8RWrtp+JY/w7F/tr4HRW7R1s7DHNUyPYeLXOuCsOybWzZsrwseuXFCCTMrYSbJiVM7/ABQPxXH71ml7TRq1KPFiWL2HotWp88CAIAgCAIAgCAIDz9vNkzYpP2Fo9jQqzI9YzvtHjthw/wA7yLrSWhLNgMNnbiNO90Tw0OJuWkC2V3NbqYvjT2KnVL63izipLfb7lnb1YHyYa9rGlxzx6NBJ9JTMlNw5HNaJOMMtOT25MpMYNVH/AOPJ+Aqv4JeB2f4qn/cviWlut2OkpyaypbleRaNp4tB4uPUVMx6XHzpHM61qUbV2NT3XeyAsfmxe/wD+r+NRv/J+petbYO3/AK/YtHe/9GH7yP4qZlerOZ0H83+jKYpsKnlifNHGXMjNnka5e8cbKAotrdHYTyK4TUJPZvoTHc/ivRVhgJ82ZunrDgt+LPaW3iVGvY/HQrF1iWFt5VsoqKolZo+bzb9biMt/YpV0lCDa7yg0yuWRkQhLpEoAKsO9Jduq+lIvVk+QrfjesRUa3+Tl+n1JZvv/AEdP6zvgt2X0RVeTnpT9yKlUI6wlO7zaf/p9VeS/QygNkt9X7L+21z4ErdRbwS59Cr1XB/FU7R9Jc1+xOd5OypxBrK2iIkcG2cGm/SM4tLe0XPt7FJvq4/OiUmkZ6xW6L+S3+DKsfglUHZTTyX6sjlC4JeB06yqWt+NfEYlg1RTNY6eMx575c2hNuxJQlHqKcmq5tVvfYbPyZauB3VNH8wSHpIZS3omvY/oemlbnzUIAgCAIAgCAIAgPO+8M/wBaVP3n8LVV3+sZ9B0r8nX7vuR8FaixJDHtzibQGtqnAAWHmx6D8K29vZ4lc9KxG93D5v8Ac5fl5in6278Mf/FO3s8TH8Jw/wC2vi/3H5eYp+tu/DH/AMU7ezxH8Jw/7fzf7j8vMU/W3fhj/wCKdvZ4j+E4f9v5v9zQsqpBJ0wd5+bPm09K979XFa93vuTnXFw4GuW2xssU2prqqPoqidz2XBylrBqOHABepWzktmyPTgY9MuOuOz/U3W6d7v8AqAYPRfG8PHIi3MLZjemQtcS/C796a2NBiJdS1svQnKYppAwj6uVxA9y1S82b27mT6kr8ePac+KK3+ByxfaOsq2htRO6RrTcAhosfABZlZKXVmKMKih71R2NUvBLMrDcQmppBNA8seL2cADa4seOizGTi90arqYXR4LFujJxjaCrrA0VMxkDTdtw0WJ7gF6lZKXVmrHw6cfd1R23NYvBKCA2uDbRVlH/Z53MHNvFv4ToPBe4WSj0ZEyMKjI9ZFP295uJt4+JuFuma3taxt/fde3kWeJEjouIn6PzI5iOIz1D888rpHdbje3cOAHctUpOT3ZYVUV0x4a4pIYUbTxH/ABGfMEj1Rm71cvc/oen1cHzIIAgCAIAgCAIAgPO+8If1pU/efwhVd/rGfQtK/J1+4jy1FgEAQwEMhAEBn4Rg89W8shbewu5x0YwdbncAvUYOT5EfIya6I7zfuXe/cWPuzwqngfPUtn6ToWFrnBtmAm5OUnjoFLx4xTct+hzusX22xhU47cT5LvK8jppK2olewWDnPle46NY1zi4lx8VF2c5M6BzhjVRi+5JL2m0xjZVkNCytiqOka52UjLl14adi9yqShxJkWjPlZkOicdmufUjC0lmEMhAEAQBAEAQGThY/PxD/ABGfMFmPVGq71cvc/oeoFcHzIIAgCAIAgCAIAgKF25jhbjMvlGboi9hfk9LKWjhfmq27btXv0O701zeBHs9uLZ7b+83+zWyuC4gXNp5Ki7AC4PsNDp1LZXVVPpuQMzUM/E2dijzOzaLY/BqDL5RLUDPfKG2cTbwWZ01Q6tnnE1LPyt+zjHkYGG7OYHWO6KnrJWSH0RIAMx6hcWJ7L3XmNdU+SZIuzdRx1xWVpr2Gq2r3f1VC0ygiWIcXNBu31m8h2rxZjyhz7iTg6xTkvg6S8PH3ERWgtzKwuhfUTMgj9J7g0dnWfBZjHieyNV1yqrc5dETTb+pZQxMwql0a1odO4cZHHUBx59akXNQXZx/UptLhLJm8u33RXgjsxKf/AKfhEVC3+0Vf52Qc2sfwB6rgAfiWZPgqUe9nmmH4rOle/QhyXvX+fQy8VoqTDaCKlqHPD5rSytjAzSWschcfRaNAsyjGuCi+81UW35mTK2tLaPJb93t27yHbRbSPq2siawRQRC0cbeA7SeZWiyxy5dxb4mFGhube8n1Zj4FhLakuDqmGDLaxmdlDr9SxCPF37GzJyHSk1By9y3JZJutmbC6c1MZa1heMgLswAuLG9rHrW78K9t9yqWvVuxVqD3325lfqMX4QBAEAQBAZ2BMzVUA65o/mC9Q9JGjJe1M37H9D02rc+aBAEAQBAEAQBAEBRW92HLibj9qON3ut+5VuT6w7nQpb4a9jZt9yH6ep+7Z8xWzE6sieUnq4e9/Q799/pU/c5Zy+41+TnSf6FWg2NxoRqD1KGdO0u89FbF4ga3DoZJfOLmFj7/WLSWG/fZWtUuOCbPn2oU/h8qUY8tnuvqUbtdhYpK2aBvotddvquGYDwvbwVbbHhm0dtgXu/HjY+rXMydgK+KnxCKSYhrBcFx4NJFgT1BeqZKM02atUpnbjSjDqbvattJHiElbJUR1DS4PjhjdmLnaWEhGjWD3rZbwqfE3uQsF3yxo0Ri4vo21t8PFkVfi75qsVVQc5MjXu7gRoByAGgHYtHG3LiZaLHjCjsq+XLZFh7fRYfiHR1LcQhZlZYtJzOI42DAb5uyyl3KE9pcRQaZLKxeKp1N7vr0Xx6FdYrUwHLHTssxn13AdJIftO6h1BRJNdEdBRCxbysfN93cv88TXleSQegcL+hGf5If7as4+qXuOCv/1F/wDP7nn4KsO+CAIAgCAIDd7EQ58Rpm/4rT7Nf3LZUt5og6jLhxbH7D0crU+dhAEAQBAEAQBAEBT2+6mtUQS/ajc3xa6/8Sg5a85M6/ycnvVOPg/r/wBHLcf+nqfu2fMUxOrMeUfq4e9/QyN9/pU/c5Zy+41+TnSf6FWqGdQegd2dMY8LgDtLhz/Bz3OHuIVnjratHA6xNTzJ7exfBFX7U0k2JYpP5LGZAHBlxwGUAEk991DsTssfCdNhWV4eHDtXty3+Jy/7a1lrdJBn+z0gv3LP4aXsPP8AG6PCW3jsRvGMFqKN+SoiLDyPI9x5rTKEovZljj5VWRHire5gLySTb4DsxV1p/o8RIHFx0aPFe4Vyn0RDyc6jG9ZLn4d5v5d2dW3TpYM32S8A3W38NLxRAjrlL/plt47EZxrBKijfkqIywngeTu481pnCUeTLLGyqsiPFW9y8cM+hGf5If7SsY+qXuOKu/wBRf/P7lO7ObH1lcM0LLM+27Rvh1qBXTKfQ67L1KjG5TfPwNriW7LEIWF7Q2QDUhh18AeK2Sxpoi065jWPZ7ohkjC0lrgQRoQeIKjlwmmt0bDBcDqax+SnjLyOJ4Nb3leoQlPkjRk5dWPHisexJ/wDtfXW9OHN9nPqt34aZWfx3H36Pbx2IvjWCVNG/JURlhPA8ndxWmcJQezLPHyqsiPFW9yQbqKbpMTjP2GPf7so97gtuMt7EQNcnw4cva0i+VZHChAEAQBAEAQBAEBXu+miL6OOUD9HLY9jXgj4hqi5cd4pnQeT1vDfKD719P8Zotx/6ep+7Z8xWvE6sneUfq4e9/Qk28nZiSvMPRyxsyZr9IbXv1LdfU57bMrdIzo4ylxRb38CMYbu8poXCSurYsrdSxrgL9hN727lpjjxXOTLK7WLbFw0VvfxNzju3UchbQYZq59oxIBZrBw83r0Xud6fmQImNpUob5GV0XPbx95m7ShuD4UWU+j3WaX/Wc53pOJ5nivdn8qvkaMPfPzd7Oi7vZ4FKmpkLs+d2bjmzG9+9V276nZ9nHbh2WxdGymTGcK6Oq857C6Mv+sHCxa4dti1WFX82vaRx2dxafm8VXJPnt9UVbh+zkj8QFA/RwkLHnsadXDstr4qGq258B01ubCOL+IXTbdFvbZYk3CcPDKYBpNo4+w83dpU62XZQ805PT6HnZXFbzXVlIxVRknY+eR5Gdpe65zZcwzEHkbXVdvu92dnKtRrca0unItLenjFFNQMbHKyR+ZpZlNyBbzierRTcmcHDkczouNkV5Lck0tnuS3ZuFr8KgY/0XUrA7uMYut1a3rS9hVZknHNm11Un9SpMd24nLuho39DTx+bGGWBIGmYnt4qFO99I8kdXjaVWo8dy4pvm9yYbqNqp6l8lNUPzlrc7HHjbgQfct+Na5cmVGuYFdMVZWtu5kc3rYSG4iwRN1nDdBzeTl95WrJhtPl3ljomQ3ivjfo/QneJNZguEu6EDO1rW3+1K8gZj16knwUmX8qvkUVLeo5y4+n2XcUm/Fagv6QzSZ73vmN7qu4nvvudmsepR4eFbe4ubDYBjGDt6cAyZSA7mHt0v7lYRXa1czj7pvAznwdPD2M0G5jDXNnqpHDWMNi8SSXfK32rViR5tk/yhvUq64rv5/wCfEtdTTlQgCAIAgCAIAgCA0u2mHeU0E8QFyWEt9ZvnN94C12x4oNE3TruxyYT9v15Fdbj/ANPUfds+YqLidWdD5R+rh72ZW+15DqexI0dwNlnL7jV5OJNT39hVjnE8ST3lQzp0kuhLd1UQdicV+TXuHeG6LfjL+Yiq1uTWHLb2E530n+hx/ej4FSMv0UUnk96+XuKYUA7IuLcif6LP99/A1T8T0Wcf5R+uh7vuZNPSsG0kjhxNO1/+rKG/ABZS/nv3Gudkv4VFf+23z3NXvvectO3ldx8bLxl9xK8nFzm/cVQoR1J8QHoPDDbBIyP1If7Ss4+qXuOBu/1GX/P7nn0KsO/J5uZ+kHfcu+LVJxfTKHyg/Kr3r7kn2wjDsdw8HhofFrnOHvAW61b3RK3Ak46bc0SfbbE4Kal6Sph6ZmdoyacTwOvVZbrZKMd5LcrNNosuu4apcL2fMgH5b4R/9YPZH/JRe2q/2l//AAvO/vfU2FHvTooWhkVI9jRwDS0D2L2sqC5JEezQMix8U7E3+pKN38LfJnVDWlvlMr5rHiGnRvuaPattK83fxKzVJPtVW3vwJL9yTLcVgQBAEAQBAEAQBAfHC4seaGU9ivNgsLNLitdFbTK1zfVc4kfy8FFphw2SR0Gp39vh0z9/yRrN9/pU/c5eMvuJPk30n+hVqhnUG52OxQUtdDMfRDrO9V2hXuqXDNMhahR2+PKC67Fqb3oelw9sjNQ17XXHUdL+9Tcpbw3OX0GXBlOL70yklXnaF07mqcx0EkjtA+ZzgT9lrWtJ9od7FYYq2g2cb5QT48mMV3JfMilHtaw486rJ/NPd0QPLowAxru42v4rQrV23F3FpZp8v4aqf6kt/16ks3wYW6ajZNGM3ROzG2vmkWv3LflR3juir0G9V3uEu/wCpSqrzsgUB6Cw36EZ/kh/tKzj6pe44K7/UX/z+559CrDvie7mR/T3fcu+LVJxfT/QofKD8svevubTepXGnxOknH921r+8B9yPEXC95MuGxMjaJUrcOyt9/L5Eu22phiGFPMBz5mtljtzykOt32uFvtXHXyKjTpvFzErOXNplAHqVYd6ZGG0bp5mQt4vcGjxKzFbvY13WKuDm+5HpnD6UQxMibwY0NHgLK3S2Wx82tsdk3N97MhZNYQBAEAQBAEAQBAEBosfqoaEur3scfMET8gubZrgnu19q1zah57J+LXZkpY8Wuu63Ko3kbVQYgYjAHDIHXzC3FQr7VPbY6nSNPtxOLtNuZClHLoICdbL7dNjgNFXsMsBGUEauaOo9YUiu/ZcMuhR5ukuVnb472kfDhOA36Ty2XJxyZNbdXWnDT13H4jUtuHs1v47nLafbprqcUOHsMUAGUuOjnN6gOQPtWbL91ww6GMPSnG3t8h7yIIoxeE92T3jvp4xT1bDNFbKDpmDeog+kFJqyXFbS5oos7RY2y7Sl8Mvkd1bJs3Kc95oydS1jXgX9iy3Q+Z4rjqsFw8n8DR45X4WIXQ0VO8ucR+dlOoAN/NHatc5V7bRROxqcxzU75rbwRLKPeHRsw5tIWyZxTiI+bpmyZfZdblkRUOH2FVZo98st3Jrbi3+ZVihnUEn3fbQRUFU6aYOLTGW+aLm5IP7luosUJbsq9Vw55VKhDrvudu8XaOHEJ45IQ4BseU5hbW5KX2Kb3RjScKzFrlGfezlsZt1Nh/5pw6WEn0SdW34lp/cs1XuHLuMahpNeV5y5S8fH3m6xHENnas9LI2WJ7tSGtcNe2wIWyUqJc3yIVVOqULgi1Je83+77CMLfI6opI5XdGbCSThmI1DR12+K2UQrb3iQNUycyMVXc1z7kWEpRz4QBAEAQBAEAQBAEAQGNiNEyeJ8Mgu17S0+KxJKS2ZtptlVNTj1R5w2gwl9HUPgePROh628iqmcHCWzPomLkRyKlZHvNcvJJCAIAhgIAhkIYCAIZCAIAhgIZCGDuo6V80jYoxdzyGgdpWUm3sjxZZGuLnLoj0bstgzaKlZA3iBdx63HiVa1w4I7HzzNyXkXOxm2XsiBAEAQBAEAQBAEAQBAEBCt5eynlsHTRD89ECR+23m3+Sj5FXGt11LrR9Q/D2cE/RfyZRhBBseI0PYVXHbp7nxDIQBAEAQBAEAQBAEAQBAEBbu6fZLo2+XTt85w/NNP1W/a7yp2NVt5zOS1zUeN9hW+S6/sWYpZzQQBAEAQBAEAQBAEAQBAEAQFYbytg8+aso2+dxljHP9to6+sKHfRv50TptI1bh2pufLuf2ZUtlCOrQQyEAQBAEAQBAEAQBAEMFh7uNhDUObVVTbQjVjDxkPIn9n4qVRRxedLoc/q2rKpOqp+d3vw/8ApcrWgCwFgOAHJTzj29+bPqGAgCAIAgCAIAgCAIAgCAIAgCAgO2+7qOqvPS2jm4ub9V/8nKNdjqXOPUvtO1mVP8u3nH5op7EcOmpnmOZhY4ciOPaOtQJRcXszrqb67o8UHujFWDcEAQBAEAQBAEB201O+VwZG0uceAaLlEm+h4nOMI8Unsi1Nid2gaWz1wuRq2Ll3v6+5TasbvkcvqOub710fH9iz2tAFgLAaADkFMOZb35s+oYCAIAgCAIAgCAIAgCAIAgCAIAgCA1+MYLT1bMlRE146zxHceS8yhGS2ZIoyraJcVb2K1x/dO8Euo5Mw+w/j3ByiTxf9p0eL5QxfK5fqiCYns9WUxtNA9tudiW+0KNKuUeqL2nNouXmSRq7rwSQhkIYF0BnYfg9TUECGF778w02/FwXqMJS6I025NVS8+SRN8C3U1EhDqp4ib9lurvbwCkQxZP0ikyfKCqHKpbv5FmYBszSUTbQRgHm46uPipkK4w6I5vKzrsl72P9O43C9kMIAgCAIAgCAIAgCAIAgCAIAgCAIAgCAIAgPjmg6EA96GU2uhq63Zqhm1lpYnHrLG39vFeHXB9USq87Ir5Rm1+pqZd3OFON/J7d0kg9wctbx6/AlR1rMX9fyX7HFm7fCgb+Tk98kp/iT8NX4GXreY/wCr5L9jZ0eyeHxWLKSIEcCWAn2nVe1VBdERbNQyZ+lN/E3EcbW6NAHcLLYRHJvqckMBAEAQBAEAQBAEAQBAEAQBAEAQBAEAQBAEAQBAEAQBAEAQBAEAQBAEAQBAEAQBAEAQBAf/2Q=='),
(3, 'Manga', 'data:image/jpeg;base64,/9j/4AAQSkZJRgABAQAAAQABAAD/2wCEAAkGBxMTEhUSEhMWFhUXFxcaFRgYGBkXGBcZHh8YHhgYGhgdHiggHholHxoaITEhJSkrLi4uFx8zODMtNygtLisBCgoKDQ0NDw0NDy0ZFRk3LSsrKysrKysrKysrKy0rLSsrKysrKysrKysrKysrKysrKysrKysrKysrKysrKysrK//AABEIAKABOwMBIgACEQEDEQH/xAAcAAACAgMBAQAAAAAAAAAAAAAABAMFAgYHAQj/xABIEAACAQIEAwUEBwYEBAQHAAABAhEAAwQSITEFQVEGEyJhcQcygZEUQlJyobHBIzNigrLRU5Lh8Ag1dKIVQ8LSFiQ0Y3OD8f/EABUBAQEAAAAAAAAAAAAAAAAAAAAB/8QAFREBAQAAAAAAAAAAAAAAAAAAAAH/2gAMAwEAAhEDEQA/AO40UUUBRRRQFFFFAUUUUBRRRQFFFFAUUUUBRRRQFFFFAUUUUBRRRQFFFeE0HtFQJilJK6ggxqI1qYtQe0VijgiRWVAUUUUBRRRQFFFFAUUUUBRRRQFFFFAUUUUBRRXhoAmoLuJiIgzzmBSZxXeTHugkRtqDBNZ2IGrQCegJPzI2+FAyL/UEeZGnzFTg1U4jiI1S3rpBYglR5abnyFY4HiIQi3dfUmELRLdRO0jpQXNFeA17QFFFFAUUUUBRRRQFFFFAUUUUBRRRQFV+NJLcwAOYJUzz0B2+FWFK3sOS05tI0EDTrv8A2oF8NZLQ55jkZDD6pn8Y/wBalxCkKSToBp1J8/yrIZ02hx/lP9j+FYtNxJ1Ug7TsQdJ6igcVY2r2ocPezCYg7EdCNxU1AUUUUBRRXk0HtFFFAUUUUBRRRQFFFFB4TSFnEl2bIRlBgmDH8p5+dY3G7xsuVyusxov8x5+gr27jApyACREmRCA7SPPpQN2iZIOu2vWpqqbSw+fxcw5kkSD02Gh/CrUGgAKjv25UiSJESNxUhqHDX865hsZj4aUFHc8Dd1oCFmP4eoNROJIEaQSTyHKB58/hVlxixAN0GCIDfxKDqPIiTtVel0ETqRrDQYPXXp50F1w/FZ1194aN+h9DvTla5hMQAwuKQViDlMyu86cxv8TWwqwI0oMqhu3o5bbnkKyv3MomqnFXbT2jcvsFs5czFjkXL1YmPD670FfxPtvhrJhnBj3sodyPXIpisxxVrts3rBdyBISCk+YBUa/Oq7jHGbty2tjhSIbr6BiuW1h00l3Ee8ZhVjeehpKzYu4LC3bt7H38TiHPdJqMgvMYC2UgiQdz5HpQbhw7jKulvPNu4wEqwIho1UEiCR5VaA1xfsr2txK37drF3Gv4a7cFljdVRfwmI2VHgRBI8Lc/KK33s1xO6MRewd/VrR8LDQOjAtbeOUgMCBs1tuR0DarjgCSYA3J2qqGOa4xFo+GBDaanWRsdNtYqfFYFrjeIjKNhrHKZAImpbeHKiMwH3UAHyM0GFxmRc5YkD3gY25kERtTltwRIMg9Kqr+JUKHPjZvcXl/oOpqHCY1kMvAQkaAaW/OTuCd9BG9Be0V4pr2gKKKiu3gu/oOpNBJS58L+Tf1f6j8qPEeeUdBqfntUBwlwls1yV0KwNRHIzIPqIoJbvgbOPdMBvLo396aBpe431XGh0nkfI9Kwwt6D3bHxLtJEsvI+fT4UDleGiar+K3G8KIJzE5oMEKATvyBMCaDzC40Fnkmc5VVjaOQ/OfMVlfe5IggHeJGvlt086WtW+6yDRrriCQIgKJMTsg0A82HOmw4L5CNQMwPKQdp6/pQeLcuyZVYB0MyWHpyrLDcRRmyEgPE5SdSOo6iozcY+MEgoSGXkfP8AIg1BjbKd5bYx4zHrI2/AH4UFxRS2EJEoTJGx6g7UzQFFFFAUUUUHkVVJw+L7tP7NhJX+I7j7pjN6k9atqWYQ8/aEfEbfhNBLFYYXRY6afLb8KkqIGH+8PxH+n5UE5pG1bYE5WhNeWvnB5CpcU0kJ9qSfujf9BWBIZigjKvvevJfl+lAYfKxJC/zHn6TrHntTDRzqK7fA0BHn0Hl6+VJ3cZAzQSBAVRuzHy5UGd7h4YswbKTGoA5cj16+VK4bFvafunErIgzGUHQETus/EVY23+r9YBWP82b/ANppHtBhg6K8agifutof0PwoJ+M28wQEgKWhgdJUgg6+mvpXNOLYpcZe7/FMEwGGgrbnw37zLnUtyKIhSeUyKtO3t67dtYS0pIRsRaTFQxXwZ1QgEfakDTk1U+G4ouMNtMGllbdt3uo17x5swGVVsCMxQnKJP/lVYKvD9sRZwyWg3cIwzOlsZsXiHbV4Pu2EO2ZvFB+rWn9p+2WKXiFtpRFwbgWbVsk20A0YSfeYiQWPOYitl41w+9adrdsPi+I3ipbwqFw1keLIcvhRmI1AO2mvNHgvs0vXFvYljnNuIEEi9dBm8AYggapPMg+Roi+7YGzduPjcNE3reFNwT9Z2i3cK9Vbu3DH7Lda3jhuNF17mLzjNh8Q+HunkVRmCk9IW8wnzrk3Zm6v0g4V9Ua5gbcEEMLS3XOVgdQwBCmth7PcV+j28VYvArcfH4oXbZ6Naa4jnnlBtgzzE0V29DNeXVkQNPPpS3CFUWUyggFQQCSYkAxJ150HEFtEOgMFt9RuB5+dQUjJkuuGmTEST4urLPnofQVhbvljBUa9HUx5HUfrWwDDKTLAE9TqfOvL2GGUhQoPKRp8hQV/C8WVbu2Jg/uyeXVCeo5eXpV3VNieHMRIOu5AOx3JVus7TTXCsb3ikH3l0bz8x5H8waB5jVLxji1vDWLmMvmERSfOPqqP4mMfMVaYw+EgbmB860zjlkY/G2MMuuGw37a9ocr3AStlDyIGV2I8l60DfZa3iDb+lYnS9e1KfVtKR+ztDyWdTzZmPQC77P8ZTFWhcTQgslxeaXFJDqfQj4iKdayCuTlEVzHG4p+GcWF2D9FxpyXhyXEAQrj74A+Z6UHUnWRFKJhxqo0IM5tyekk78xTGHvq6h1MhgCPSsbxghvUH9P9+dB5h70ypPiE8iJHI6/nS9i5mMj3mJHmFBiKyvOQwbQQNZ03iPyquZG7sspAuOtxVYT4STynpE/Cgetu7uYyi2NAwOZm68oA+dM3LGgywCNQfPzrW8Ji7iPYtsVUuIW0F1UAAsDcBmQIJJABJgTNbNiM2Q5IzRpMgT5xrFAh9JhszrkzeFwdROuVgdiNY+UxWVqyHW3J1tvPxEgfnVTh8fN17Fy4l24uUkKjKUzEhSQWYFSRE/OrXh2FQO+SRlgbmIIBgg6aTpQSX8Uq3VDEDNoJ0mfd19dI86sBSHEbQJtkgEZoIO3Mg+oIGtPIIA9KDKiiigKKKKAqDFLpI5EH+/4TU9eNQRudCR0morqFlEaHQg+f8Av86LA0KdNB6Hb8PyrK03hUjpQIrfJvbRNqB5MHIf5eE1r+L4ldDP9GyCznYvcuMVDMSVKqwBggqdeWlXbOZd9BEggGQCV01OxPhJ+FK4zhiXrS2gEyGSVZWa24Y88rCfnzoHuE2EKC4AQSNcxzEHbQn86rMZxN0utat4aQDq73MpfST3Yglt16DcVsOGtqgyCPD0jT4cqqeO8MN51DZXtgKe7ZivjVsyvIEkCNp5UEfB+Kq5QsMrlRbcHQhhmKaefjq0xFnPZdOqsPzioEwqlmV1VpVS3SV5j4n8KY4eT3YJn6x/Exv5UGids8SlvB3HuXCiOkMUUMc0AiBE8okbaGouzPZKziOGWLbWrIDkXDKnOqnVMjqZDZCNQdDO9bFZhkKt4gC6nYyJ/IipuEXFtubbCJiDEAwInoDAAIHMTsaCx4Nwa3h7RtIBlJYnTeep3PTWqTtF2SF7Kbb308Uk2772yFGyIo8OXTbzNWd7E3izZHUQxA8JMR5yJ669adTFqbXeXGCBZzMTC6EgknaNKDjHbzhCYLieAuM9xUu+F7pYuyMrDu2LNuVJU6/Zqu4RYbF8V7u/autat4i6rMoz5QVbNaLb9yWXw9FJ0roHbBrWPZcPdweJYKytYvC0bllgR75ZZOQ7FZBgyNpFh2J7JHAlWe6z3GRLbEQEOTNlLSubN4jBJJ1ig22+4ACfahRHL/YBrDDMoAy+6DlUDkR+tQ4xovIJ3W6R6gKI+RJpfDXAMmUT47x/mkkfht5UDy4wZvVyi+ZAJJ9NCKkxN2NOcSPgVH61WcPQ+CZ0vXD8Cpj4a1PevE3HMDKoVdTGvvvr0gCgcw2IDAEbMoYfHlVZxBTavC6o3HiA+sB73xjX4edTYB8lq2zCItyw5gGCflWXHLoW13mpCkGRrA5n0oMOOY3LaDoZJ9zzYjKn4sD8K17hHFMNhFC32a211tHYMEbYKM/uzGXnzFa/267UjD20KOpUJdu2oM+MgJbTTlmuZ/5Kf9leITHcMw4uyxsHu2GhWUMoWB5gZSPSg6ICGWeR10rQu2vEOHYlThb12GPuiWBJGoK6e8Nx6Vvti2FUKogAQPSksVwu29wXGkkRlGhCnqsjQ+dUaX7O+P3VvHh+KBzm33tm5ELeX6zDoTIYryJat8Lq6K+4JBHzgVpN0i5xW3Y2e3h7GJsHmCGe3eSfsuhWR1E1sXZ/EKcGkEHKIPkQx3qC4uWwwII0O9UuK3OHP1QjKSfeXMM3xEfjV4W5VXY7hwbx6s0gzOoHRenP50GN42rdzO4hn6bHLEE+e3yHSm24ggEkgD1H96rmxHeKun7RJldiy+6xXrtMeQ61hbOcwglvTb73T86Cfh2EtpbLYdNDmZdYzFiSZJE79dqysXMtoXAAGBm4o1md9fSCPSs3uKUazbcZlGViCPBPU7BjvrSPdOq9wNSxG/JN5B0kECPI0Fk97OyAGQC0jzBKj4SDVgKQwnDwMrPq4GpGwOs/iTT4oPaKKKAooooCiiigWxAghxy0b06/D+9Rr7rKOpGnMHXT4E04wpGyhS4VMZGAy9QRuvpGo+NAtwBg1gbEsXY/zM35e78K94YqWR3QAW2p8HQZpOTyA2HKIFeIFt34WYZWdgASoPM+RaZjnlmor1nvi4VsiuoDKykyNdQDEHfr6CgsLanvCZMeh1mIHTT9ayxLRBhfvMYitc48LlrCXfo2IcXF0tCcwLaKqHcwWMTOlR2MNcdUvS5LqMi/vTLfaJgKR+lA3bxWZLptkktmJcclErIkwJIaB6mrjD3oOVhBiRHu+cGkAoRVtiJJUNlgBVH1R1O4+JNWFxjnt6xo0+kCg13EcM7u+2RyqtLhQQFnQ5SIMLJ5da8wllcQQj3FQrIZAvizDSUdgNjm8S66ctqkx+Jz4gEREMoE7KNS/qWgek0lh8StoK2YjwZ0zA8yEtI38RzTO8yaCyxXBlcuFYsVCCGgSdfrATMRvpQMJ3rouXMLbQ4YhlU5TpElZ1B2mm8G5NsCCuYsXzaNM6ieg2LeVUnelbt+9hShuFUe6seG4om2+g1zL3Uj5c9A2rAwkWvCMo8IAC+HbRRtHlUuLEjQwZGvTWtct21uAXSc5YSLkQSCPqkbCOlM4fFMpKs5ZW93NqUblrzUmAOh9dAZ74tdLXFyrZXRiRDOw1iDsBpr1pG1bxLKBYNqyM93vGZS5lXIRVUESMoGs6QKz4x3qAsFm2zKxicwMEQRBkHw/jUvCsWGs5woe5lLAbEnmJPOZH/9oLjCowUC4VLR4ioIBPUAkxVbxLD4rMzWnslI0tOhBY6TNwHSfu1Yi7oJYA8weX40urh2bMPdAhtQpnkJ6afMUGOHvftCrggsqmDqBoZUEaEb17YVRNnQrqsHWBHunyg0tfQtct3Q0KpYn/8AHB/NgD8Kis43vCbttC6quYEaZjrCg84B386DhntxVbd+xh1Ai0j7AD3mkbabEfKqD2edubvDLpKjvLLx3tqYmNnU8nAnyOx5Q97aHJ4jLGSbVsmNBJzbem3wrTuDYI3r9qyN7lxEH8zAfrVH0vwHjuCxufEYfG3lBZXuWzcdWtnbLkJMKdoUQaj7ddu7uHt5MHYa5dfRWYHKn8eUakAkbxVvwjhuGsoLWHsqLSpGWAM5aCOWu0ljrVd2cuWktPfugC4uZnc6RZ99QNTAiF8yKgpuG3WPaVUY5jZ4eqO38XhYkx5tWXYTiGazcUH37eI/zWbzyZ6lbq6fw1S9hMcyYrE4+8IvYnxlTvbS437C3/kVrh5hba9ap+yGJv4LFYfDYq2bff371xQYJNu7bKkabHOqVR3pWll+7PzivbmIVTBIHqd/KKWwMycxnwpl65YJk9dSRP8ADUiQ24B3O06bCoFsVw5LimUKAkaglX0Mg6HQzsdx5bha9YLJbOd5ZR4C7BjAExBE7iZEUtjsWVuvbQFVL2UzKpMbEqRyUg5Z5E+dRcTv5MSl6C7W2W0cup/aK7Oi6x9W2fhQPYfhfdoxJCayFUDp7u2555Y5VYZrQIZkKkagspEE+fKvcIrEm406+4vJR5eZ3n0pw0GamvaQzm0R/hnT7h8/4T+E08DQe0UUUBRRRQFFFFAUtjFMAqJKmY2nQiJ5HWmaixF3KJ+XmToBQIYq8yqbiBrmwCqASJ3MyOo+Va/exz5mXK7OzZCDGpI8LjoomthxlwWLDvsFBJPmdSfmarsHgWv21Dg27R2Xa7cndmbdAd8o12kjagSxWU3MPZS5JN5CyiD4bc3C2mwLIBrvWdrFd1fOHuOqW+8dknSVuePc6aMXWPStiwPDrVoZbdtUHkNT6nc/GmLloMIIBHmJ/OgiNpGTLAKnloQaRtYUl2F1p0hfNf7zvWF7hhty+FIRt2tme6ffSB7hn6yj1BqfCYlb6nQo6EB1JGa28TBjQgjUHYg0GsWbDsbisW0cW5aJIB8RBHIyRTy2bLCbqyczMo1mVYKm3mhPxqYAqTnPiDHMPUzI8oNYJxG1YsfSLg8YtrI56TA+8WJ+dArisO/fZmLuzLltWM0CdySw2QCMxMnWB0NpwXgr23N67cVnKZcqLlRRIMCdTtGvLlU3Z/hzIveXtb9yDc1Jy9Lak/VX8TJqHt5xdsJgMRiUID27ZKEiRmJAWRz1IoMz2Ysa5e9SST4LrgAnoswB5RSWL4PiEHgf6QvNLkJcjorrCk+TAetc89lftJxuM4guHxToyNbcqFRUOYQQZHKJ+ddroKXs7xRbqMskPaOV1bRh9nMOsc+cV42VXAyk54IPugEx7rz+HyqPtBhu6YY20s3LaxdUb3bO7L5svvL6Ec65n7WO2fj4fh8MyvLWsQ0yFIMdyDGsGSflQdNvnFI+yXF1KeJkcGNmgZW/CleLXLr2LjKVYoruUKkWzlViFYb+9l58jUdrjK5nVWa5e93IsMyxIYrrAWYhmgdZiKbwvD8SbTW2a3bVswjxXnAaZBc5QTr0PxoDgXEkuW4uuouD30YqCPhzA2B5gA86vbLKQCpBHIiCPwrnnbf2UWscVupfe1dW0tvNAYOF0BfYk+lW/Z+yMEtvDBO6UQoWS63DHvJc5udyrAE+dByP2/cDa1i7d8Ad1cTKp6MCSVPzJHrWs+yzhX0jiNlSJVM1w7jVVJUSNiWj5V0T/iPss1vB3QfBNxfiQCPwU0t7I+BMthmtR398kZp0s20ykOw31JIyjcwNgSKOj4jGLhVyZlzMGA8WgMH3RHOKpu1+EuW8Lba3h2vB8PbS4iKSWKQyow5ISSCegjnW58L4FaseIAvcPvXH8TsfXZR5LAFM3OK2Ffu2vW1f7JdQ3+WZojjvs+s3G73EYzS5N12tmVaWJDOyHmQotqOSz1rYu03DTfwi3iD31llvKY1hSM6qOQKBgB6Vv3EuEWb4y3rat5xDD0Yaj51S38M9ghXbPbMKjmAQToEcDTXYMBrsdd4pvA4jPhg4HjtiCJ108+YKkEetWGE93Xbl6DQH9aqLGmHuW0AFxEyr/Ep/d/8At15qetMC1357vaxb8Lwf3rjdJ+wOfU6cqBBsVduknCJnMyXaFsyNZn3m5Dw9N6kwvAbww4V2tvf7/vnPiVGadp1I8Hh+FbMqAaAQOQGla5/8fcN7zufpdrvM+TLJnPMZdt50oHRxRk/+ostb/jU95b+JGq/EAVaKwIBBkHmOdZxNU+IsHDTctAm1vctjXKOb2x5blRoY013C1IkUpavhGyEyswp5r0U+XQ0zbuAgEGQQCDyIOxqHF4VbghvSRoR6GgcBr2q+07Wgod8y7Z2gMOmaNNeulPqZoPaKKKAooooClbniuAclEn1Mx+v4UyaWw+r3PJgP+0f3oEccgu3kskAogF1x1IP7EEdMwL+tsVY4rS2/3W/I0jwvW/iieVy2g+6LSMB83b50/jP3b/db8jQfNfsi7S4n/wAVw6XcRedLmdCr3HYSVOXQmJkCrP269oL6cRFqzfu21Syki3cZBmJY6gHeIrTeyq9ycHjBplxyoT5AWm/ItVx7TU77F8SxO4S/ZtL8Fg/0VR9FdkXLYHCsxJJw9kkkkkkoskk7mseJr3V63fGzFbV3zUnwE/dY/wDeaOxv/L8H/wBNY/oWpO0pAw7kj7P9S1Bjx3BM6E29HER/FBBg/pWtYC2Ll3D2gsAOztO4CS2U/wAeYpmHLat5iqTHYNUxmHvjTN3ltgPdLMoKsfPwET50F6tc39v2NCcKKf4t22vrBLn+iukA1xb/AIjccIwdg7F3uN6CF/8AUaDW7GE+gcY4SdAHsYXMdpLqbbn8a+jRXzD7Su2uHxl7CXsIrq2HWDnAHulWSIJ00Pzr6bw90MquNmAI9CJFBk45V879o/Z+93F4Y4aMr3nsXJki2bLsM0fZKJMDpX0QTWl9lF7zEs+6r39xfW/eeD/lT8aDYeCcEtYZCttRJOZ2PvO32mPM/lXOPaB7VL/D8c2FWxbdFW2xYls0MAW20611qvnL2s8NbEcbvWl976OGXzKWy0fhQdL7ee0C5grmBWzbS4mL1zMW0BNuCIPR63zF4VbiG26hlIgg7f78+VfNfF+K/SMNwIzLW2a038ly0B/2gV9N0Gi8c4Qt1XweKm7ayypPvFSRFwMPrI0Kx8w3M077NuCLhsL4Wzm47kOQJNsEi2D/AC6/zGrTtDa/dPzW5l15h1ZSp8pIPwFMdnFAwuHA2Fm3/SKBftljmw+BxV9Pet2bjL6hTFcC4D2FtYrhGJ4lcuXDfU3GXmDlicw3JbXnXc/aR/yvG/8AT3f6TXLOx/GMZhOzwv4O0twriLpu5hKrbAJZiJHOKDf/AGN8RuX+FWGuklkL25O5CtCz/LA+FbjjcMtxGtsJVgQfjWr+y3j93HYBcReCBy9xfAuVYUwNJ3rbjQaTdvutrMT+1tt3bDk7BgoBH8XgceorbsBhRbtog+qoHqeZ+J1rUMc37a/OijG4eT/+vDfhMVu4oIMffFu29w7IjMfgCf0r49CXAq4/kcQQPvCLh/OvqL2nY3ueFYx5g9yyj1fwD+quI47hEdmLF6IP0tnPXK2e3+gqj6PwV4PbRxsyqw+IBqYita9m2M73hmDcmT3KKT5qMp/KtmqCn4QAve2RtbuHL5K4DgegzEDyFWVVdiwTexDJo2ZAOh/ZpoacS/JVYIJBJEagjL8OdBJ3oJIGsaEfoaxwxynJlgScuoIjeIG1Y5jJbWJCqump6+v9qMZbfLmSC41XWAeoPwoHqKjs3QwkbH/fzqSgKKKKDw0pg/eu/f8A/StNmlbB8dwc5U/MR+lArgny4m+h+uEur/lFth8Min+cU/jP3b/db8jSXFbDSl62Je2TC7Z0I8aT8Aw80HWmbV5b1uUMq4OvMcj6EdOooPmDhmEzcAv3RvZx9pgekoq/mwrPEKz8Dv4l/evcQWT1hDP4k127hvswwtnA4jALcvG1fYMzMUzqRljKckfVG4NY3fZfhGwCcONy93S3TdDBkzljOhOSI16cqDYOxv8Ay/B/9NY/oWvO1GIAtqh3uXEWBuQCGb8Aaawtu3hcOlvNFu1bRAzETCgKJgbnyG9U+KVrl23ecFR4xaQ6ECAS7jkx2jkB1JgNgw2JRxKMD+Y9R1qHimF722VBhhDIfsuplT6SPzrXOK5gUZIDLmbNyGVWIB5kE6R51ecM4iW8NzKrcoPhYfwzzHMUDPDMaLqTswMOvNH5qf061z3tt2OxON4thL+RGwlkIHlhrDMzDIdx7o863LilsB+9tMEuRDMPEpA2FxAdVBnUEFZ3iaywnFroWbuHb71k96p8wujx8D8aDT/at2B+l4a2uBsWVurdkwEtShVgZIGupFbt2XsXbeDw9u/+9S1bW5BkZlUA6j0rC/2jw6e+zLP2rdxfzWvDxO5c0sWHP8d0G0o88rDOf8o9aDDtNjiqdzbMXboIUj6ifXuHyUfiVpLswoTEXraiALOHCjyXvVrQ/alxx+HYrBOGLs3eNiDt3ieEFANYUbgeXrWxcP7TYd3TEYa8l0KsXkVgXFpoM5PelDr6E0HQjXE+KKD2vtKdQUg+ncXK7RZvBlDKQQQCCNQRyIPSua4zslim7RW+IhF+jKoBbOs/umT3ZncjlVHFsXhGw/ERgz7tnGQo6AusH4rlr63rjPtB9neLv8Vt4zDW1a2TZa4c6qQyEZtCZPhANdlzVBV8fMraTm1+1H8rZ2/7Vajs+8W+5PvWTkPmo9xh5FY/GkF4kl3Ed4f3NrMqP9Vrh8LtP2V1SeparHG2CSL1qC6iInS4nNSdp5g8j5E0EHbbBNewGKsoJZ7FxVHU5TArg/Zvtzh8PwTE8PuBxiG7xVGXQ543PKNZnpX0Pg8elyQphh7ynR1+8u49djymkr/ZfBPc758LZa5M5jbWZ6zG9BrvsUwL2uE2A6lS5uOAd8rMcp+Ig/Gt4uuACSYAEknkBuaxdwokwAB6AAfpVWT9KOUfuPrN/jfwr/8Ab6nnttNBR3LTXbd1TKveLXUB+zIFpvkqT0NbRwjHC9aW4NCR4hzVhoynzBkUnxLCd7cZQcrpbQ236Em4CD1U5RI8qrMNiHs3GfJIMd/aXVlb7aDnpuN2EHlQa/7f8dk4Xk/xb1tfULLn+mudYvsrxleFS962cCtoXe6zCQnvDTJM6zE12nj3Z/BcVt2xeJuIhJXI5WGIgho1kbQdqur/AAy29g4dh+zNvuyJ1yxlifTnQaJ7BMZn4WEn91duL8CQw+Hiro124FBJMACSeg51rnZ/s5g+F27gsk27bsGbO5bxRAieflzpq/mvlc4KWyVKodHuRr4x9VP4dzzjagc4MpyFzvcZn6EAnwj4LA+FM38PmIIMEHQ/mPT+1TAV7QVF+1cQAIM4DAgnQ7ksDp8qsLF8N5GNQdCKnqG/YDcyDyI3FBDcGQlh7p94dD9ofrTYNLWrhByvvyPJv9fKsDhG+rcZRyGhigdooooPDSTOBej7Sfip/sT8qdNJa96SBK+EHqCJ68oNA3FV97hzBi9l+7ZtWEZkc9WXkfNSCec1Y0UFf3+JXe0j+aPH4MP1rF8RiDtaRTyz3J/BR+tPEnp8T/aslX50FbZwRzq15u8caqdkUxqFTr0Yyd9eVQ8dveO0qqSwJZuQVSCJJ/TerPGRl15EH8dfwpDiDRd2nwj82mgq8fbnIs6NnU/zKwG/np8ayw9wXLSZwCCqyCBvGsjrMz5iveIMMubXwMrkcjBGn9vMCo+FIAkEyVuXQxO5bO2c+UmT8aD1sMACLUIfLwiTzEbGPgefI1YcM4iQwtOsCIRh7s/Ymd+nWl4/H8qxvWgykECD5Rt+um9A3xbLdttbWAJJLD6rKdwOZBEkdOtP8NxJuJmZCjSwZSZggxoeYO4PnWtYe9cFxjlJ5sY0ZtgwP2yN+WhB30uuBYgsHVlylSCASCcpAiSPMMPgKDiv/Eg//wA1hR0st+LVy/gfGr+Eud9h7mS5BGaFbQ7ghgQRoOXKul/8RqH6bhzyNkx/mNckqj6S7Adozewy4jDxGYLewxMBbhiTaP1c0zlPh9NTW9/+Lqo/aJctnobbMP8AMgK/jXyr2L7WXeH3S6DMrQWWY1E5T0mvp3sb2mt4/CJibfhmRcUn3HHvD+3kagx4z2xwuGt97c73LtK2LrCfULA+NecJxrcQspeWbeHuCQP/ADbi6jU/UU+WvmK1v2t8dxOGwoxOCulSlxRdlQysjyFIDCNGA1HWpvYjxi7ieHlr2rLduDNp4wSGmBtqSPhQbAyhWZUyqqkgAAACPIcqUvXLlqCjnImYhQCYmNCACSo5RMSdDoQ0w8T/AH35eZr3y1mgytm3ismZRm3DqYIG5CuCGG/I03cwbKNMReA5DwMfIZmQmfUmqoWEVxdgjk8GP542zLO/Qmnr+PKusw4XfKeR+uRyIHL1oE+I8CLBnvXi65drssqET4gghCdt15aVeYC9nUGQQNJAI1G+hoxGIRVzsRGmu/vEAfnVdw+9kuG3lgv4hBLIw01WdjHIdDQNXrii/GstbA8pUsQvqQxPotL4/CFiLiHxj5MPsn9Dy+NecRt5rpUbgLcQn6r+JdPKJB+98p7GIzCeexH2TzFBTrw+3edSqwxGtxZRwqxmGYENM+GCdJ8qs24YWHgv3rYn/ELZo3kvJAnoQdN6iuYNkvfSLZPukPb+3MSw1jP4Qfh507wu63dqtxcrBRI30jy+RoFsPgUtuGuDM/1brFnI6gFycpPkYNOXfftnlmPzjT9fnSmMKZlysRyYA6QY3BkTJGnnU5w+W2FXcaj1GtBZ0VHZuZgCNiKkoCiiighxVoMsHb5EdCDyIosTlE7xrRiicpjeNPXlSn0tj7qSNgSY202oP//Z'),
(4, 'BD', '');
INSERT INTO `category` (`id`, `name`, `picture`) VALUES
(5, 'Comics', 'data:image/jpeg;base64,/9j/4AAQSkZJRgABAQAAAQABAAD/2wCEAAkGBxMTEhUTExMWFRUXGSEbGRgYGSIgIRweICAgICEhIiAjICghIiIoIiIfITEiJSkrLi4xHyIzODMtNygtLisBCgoKDg0OGxAQGy8mICYxLS4tNTAwLS0vLy4wLzAwLS0vMi0tLS0vKy8tLS0tLS0tLS0tLS0tLy0vLS0tLS0tLf/AABEIAMoA+gMBEQACEQEDEQH/xAAcAAACAwEBAQEAAAAAAAAAAAAFBgMEBwIBAAj/xABLEAACAgAFAgQEBAIHBgMECwABAgMRAAQSITEFQQYTIlEHMmFxFCNCgZGhFTNSYrHB0RYkcoLh8UOTslNU0vAIJTRjc3SSlKOz0//EABsBAAIDAQEBAAAAAAAAAAAAAAMEAQIFAAYH/8QAQhEAAQMCBAMHAwMDAwMCBQUAAQIDEQAhBBIxQVFhcQUTIoGRofCxwdEUMuEjUvEVM0IGYqKC0hZDssLiJFNykqP/2gAMAwEAAhEDEQA/AO+p+HZo42lM0m2piPNmBpbJ5bb2wn3L+7lulbScdgAf9j3oMnU9Sq3kSpqXVT5ucUBzfpP3/fCuV7fED28t6GHG92T6fWvMvmmY2I5SCRpH4nMb7XtSEkb4lXegf74BGun5oneNFA/oecfxXjZ/UQFjkBY+kfisyS+kjVp9G42I+mJAdAJL4trpb3qqXGgfExx4VYOaPIglbehWZzR1Ecgfl887bcHFJcEziB7fmuBQbdxfoK8h8SGTL5WNMpmkeSdAJWc6W9TWNV6jse/th4LCvAF+Ia8aCFNocU6prwEQBOh4+v1p68d+HpZsyHXN5iBRCAVjk0raljxqWybA9+MXW2wpXjCSeYBMVnSaTOuM+UjjieaTMM1s3mtJYBYBQ35hB3uttgPrhBpxvv1pQ0kBMQRF7SdrRWn2fgjiDmKykCL7yTCQKs9Oy5eKJxPOnpPojf0D1HajODYr274XdxCM5ltr/wBUz1MIP1pDE5mnlNwtUEiRF781URzWTLAKJ8wPTVo3BII3P4nkWDt7YCnFtkH+m0P/AO1//wDOhFxU/tX7f+6vY8o1V5+Y9IHL7sf/ANz+/bYHHHFsiP6bN/8A+duv9LeK4LWb5F/+P/uruLpsskRy4zOZVpGLCW11JbAgCpidIAqgeCcS52iy0wo5GzGwzR7oFQhalKjIodY/NGPiRAY8rAxlmuJCLR9Os0gtvfcX+5xqFa3C0lEDN7WB/iqOKIUBNKGSzLqkM6STSWmvTLIxBtSu4B4BN/sMAQ+tLpSvYkVpYNrvUuom4Ig+f4ol/Sc16tNgOXYeYwFGweRwKWh9/wC1hhGLSo2SdCdtqO9gVNpAKhsNDuT7/arkDy6QSSNFGT81xelSG7dybrsV74Lhllea2lvOlsU2lEQdb+RiKq5vqM87sxBMYQn0u62HReLUG9Nkf8e3BwR54NiYnfoN6E213h4VwvUZTpI1BFLChKaYFVF3p2CkNX/EfvhH/UG80EHjt6VpDs9REAp978zTn8O5GbJMSzH1vTMxJNULs/yA42w1hySi9JY8AO2Gw0qjH5VsDFJ6SFb/AHiQ6mIJsHV+9bc4LNKUlOmYYRSRiV0m3QfiSpHFg6mHtz7E4zSxiBYu38/tyowuJCapS5vMIk7NlcyRC2l3/EWFJuh8+/K8e2K9xiTcPaWOutq7LESnUT5V9B+J/FrlGyma85hqCGagF9yQ5AH1xdWGxRsHY9agxAJFq4GZnbO/hFymZWVrZYzKa0gtvq11pFVf0+uIGFxQAl2/nUZkjanPw5C+WzWVTMZeZGl1qrmUOuqi25DmvSDsQeOcOsIcSmHFSft51Q3uKPfEDprTeQFZhTNsrsvIAHysOP8APBHAojwmKPhnGkE94jNw9aRJcqY5fJ0SzuV8waMxmBSg6aNAj5he5GBZXU8T7fU0wvEYZUZW4tyM/BQufOxtoKLNTSFLXMZmmYA+j1Rg6voPY4j+qePt+asnE4VMy3PkPnGrnlBmZBBmQyUWJzGa4O428s+xx0ucD7fmqB/DXOX2FUjnMuqrq86zGJCfxWYHoJrXRj+X674gKd3B9vzUqxGGJJCLdB+fgqCbrUWW8xpos0FJVVBkkYqdDEi2ZabdTWCIzmZ8qG67hyEZUEQfFz00vUnTvEJ8qP1Zj5F/8VvYf3sQEObmmVYjASYbVHX+anzfh/L5jMfgsujghyjzyTuXsA67j16RR3rSMcHVKcy6eWtKhgIQFm/npTnl4Nc7AyFx+HSMxtQVBIKJU9ywA2x4l0d2jSIWozucp35CtRUpHnPGYJvpPvFqGZjPrGmQAkCMth/UAf8A7Oa/awB9xgwaU4p4xI1G/wDz/wA1fu1pKkbe1iaqZXqEQXI+XmIGeJSj6pNHzxAvT8atRPq4vbnBV4dwqeKkGFXECdFWtwgXGu9QppWZU/Yzfh5AxwrvpGdJmy6LmDKg6hMobUDqXydQ42Isnj64K61/TWpSMp7tJ00ObnyihPLUBJ1Iv5TbygelS+G8tNJm+moS34WPLpKVr0+aqsF3rY7k1e9H2xqdnNt9+6o/vzKjjFBx+YBQSPDJnTiI5xp50T+J8pE0Y1aaXWt/qZbKqPqT74PiHlJfAQNhNhx1vsL251gPBIBUoxII42gzHAnjrSBM2cmWTNCAyxupRpNvy/lA0rdkgbbA1Zwuv9N3wZSrKqcwSN9f8616opbwaGMMVnwnMs6+K0XPAW9zQdekyodckMkdM2pmjagbJF7exJ/cffDq8wBG38U65iG+7UtBBV4jYibqIEdAomq5TdWCAVVjTQHqOw+nzbXdVioJAIJ97/NKMSxkSltQkCCZEiCQVdbqPpyqSatIJVQWJYqqkFSboAnbTRY1udhviosYk2ESTr1pdlaUOgLUYSkf8hdStxzAzSTWgfDTpBjmMkkfp03HIyMpJbnTdbbkbjerG2MXt5D6sNmCVRvwAHGKzcXiUvBMGD4pHOZnqZ9BTn8Row8MUZ/WdJA50+m/5bfuMa8kIZcAJgSI4wIrz74OYEc6TukxqiZYadlVddgkAEHUGFE1Z22IsC9rxxcC8SpbkCSTe1O4JKwysJmbCRrU+adBC2lgXCuzEbatJlNMLr5QnpoVfe6wYBjMAnUjbh9KcWt8pJV+0HQ3vbz61c6pln1lQzqFzCs2oAkx3JHY9FEFwjEnaiffDiSEiedZypVauYoo0d1lmMCRtStsoZaJBRgKYhz/AAJG1bKwSvxOQfIW29KcSSUju2597712zQKpAjWa10siliAdrOobBWoMFc7citwYnDsphcAn1P1P+aqC84QUkwNOFNngqXVlCdGhdT6R9OxxfCBIQcptJ1qmMUoueLWNqxyHrB80LIAAXIB39IWvm92J3+grCK8KpTK1oJJHy1JPMpQkcSJH8UR+GebcxZ+KcRk5aFWhOhSV+fcNW/6d8P8AhLZcFPNOFakIjgLTf3+kUS+H3VYJMlnJcyGnQyR60C02v2FEX6txXPtiwTkTepdcW67a0Ai06CeMnjTDmvMfqWc8lWWQ5NUilo1r50WfSGr1Vd7HEEmVAa7VUEBLebS59/4r7JRSL1HKGY6pYsgUnkBB9ZCE/uaJ/wC+L5x3mWaqWwGQvcm3SoH6kfx3S4FZ5oW1ypmHYEyEo+17bqNq9qxAEqHD6/4q5IS0qdSYI2AF/f7Gu/jHlPMTLkAEoXYWxAHyAk0Rx/DEvLyxzpNKQtxKFKyg6mkbpmVIy88iQtPCUDTeVLpbTGxKupttvmtBY77YGhSlyCPX6eVGaHdYhQLkp2IHqI4cKIwtm4zlMgMhUlrmYg04PyOzMSTsGIcqb3+XBxm0tRSlg+KVa8B+dgZ9qogdUnOZleGNUMUmXESSrGV8qVTJpW7JGlhf97nHQYmqhaVG0j3JPtGp+lXutrnMy0ijJBGEH4e/OUgrOytEAdrC023bViDJogDIMpJPkNj13vNCvih1DNZjKuskMarBOrs6So9alZFU6eTYP24xKJ3qjyGwAUTvqI89d+FBult+TF/wL/gMEparmfbqMMkxZWGYjkoyImpnLLt6lFD0nax7nthbMltwE89eetNAqcQUjlbpvS91jxbmnlCy3EEMdxgFW/LA03fquv8AHAmuz2EglNz4rm+utGXjllQEZQPWJn4Ka4PGQXMGQZMoHVFRI3USKNdi7UgBr0++E3Ow3iyElwTcmQdxGkjy+lWHarTpyiTEgHifUadTTXF05mgkYxoJD5hWM3QEkqyFdVVYIAuvfHJ7KVY95/btwTHHnVz2gknLBjjbYEe8zSZ1nOTdSkBy2VOXmy8pBdXA+Y0oLUCKo/SscwyjAhSXV5gRoRw141RThWj+mTY7xw+betOfw0y2eiZoM02qKEKYCOG1F1O/eqO31wzh0YZx04hseLQ/PKlnXVwUqvOp3rj4wMrZqFWK0gVyP1AEmj/Fa9hZs4ZVhsyysG5EcrT+eNBSU6LEi+8ee/pvSdl/EDZN411vIrA6UVqBvvXqA3+mLowrBVnSkZhvF6IX3A5nXf6UdzPiwmI6Ee5FoFnvTdgEDy/UeCBtv/O3doJKVGeI5c6K5ilOogIjpJqNOsaGMcrzeYtELIDttWrYkfT6YSXhMOm6WxbXpRW8OkI7xwm8wLfPl69hmzCySrJNpWFQ5Lt6XX2Uggi6I1Ua25vCJVgsqFIaBzGN7fLa/agd2J19NaLZvrBRZJNUWllptAbUAaNa9XIG112xuFvOnKYI+29CJa4GetaOyFoYGJXZVYkk77Dbg7Hv9hiAjLZIoU1nnU84UzKoR64yI2jAZg6SWofTQNBwu4O1n3xm9ousuMkJVJTMbXF1CdJiitOOIPhMTQnK5lwUfMQtIfwcceg7apzK4ILbquwBJ/StHGYtUkpbVHjUZ/7QAZjU8ANzTScQ6mxE23q/1LMZaB9UZSeQpoZdRIXgkWORfbvXOCJxOJxLOVzMggzIsSL2Py1PYLszvV+IZQOIpM6k+ZnkMcKl2HqYrwoO+lQTVn/P641MKwkoLjivAmdT6360xj8QnBD9Phx47SdNePOPSnf4fs75Z8vNu8dGqr0mwR+1fzx5vtXK1iEvtaKt57UPEtLabbUrUi8aSN60Lw3CEy7rVUzbftj0PZa8+HB61kYs5lzyrIYOglz53kuynSRekVW9hS3ce4vCy0YjIUpIAvv/ABSpbfISANNPU/c1F0/okKZZTPmJMtmHZowLoMoN6GHcDt96xOZ1S3Eoi0Wve1zy4VoIQGchjW3Qjr/FA4s1Blc7FCisY/xMYklLkI4DLrtePTfN174u337zBcWf+JITF+XrUOuJbJSgcp+tEMk0NqZXlkdTqUrO6kHcE0poEiht274A65iASUGPIH3N+NZn6p1xcq2sI/xUmbXKeaXPnLMQQXM7BjfN3v8ATFULxYH7hHIUReKezZpuNLfaK+8ABU6tlUWSQqXfQhYMAdDFjdD6cDGnh1LX+4D3+lXYeLjCy4b5oAG+5JPy9PHxvhmZMoIVLMWkWrFElRQNkDsT+2G1tlYgVZh1DK86tRMddqQ/DfWM505ZnkhKq2hA7MtKyG2TQCb17g8c84junEiEpuT9TRUuYZ90qWuLDQSTAA2NtKPdI8WTZgiRsuGcZdUMhcmvUWv0i9T0BpBsV9cUcKmyVZbaa0YDDKZCO8uSVRF9hEzGl+dFh1qa3SLL2HaVnj0spPm7MA5X0kNvfez98UDylmEpqiWW0DM6sAWuIMeQM1PljnGiycZWNXy7KxRmOqTSPQCwXSNtu++AKxASkCNKMp1kvrUknKoHbSdxegXV55JVmXMdPZo8yyaVOZCkumtwAwUdjwew5w2O8n9mvOqqRgyiA/MTHgN/ehmT8G54RoPw5X0jbUprbi7wWRWf4eNOviwyrmJZEX1LENKqxBa6HIOzCyfcgD2wg+AtYSpRTvMSOQHXem0khggCb+fn7VnmZnzMcUkM6uVl+RpdylH16SbaiNqO3cY1cuFxDmZBBKfFYUJJdCQhOi/DfST81pdbLZiJjJGysxZW1Eb2rBhV/Ufw2wqMclWYH/lr82rTe/6cfayrbIITwty0rROj+MWnNvEkMoXVUiqsW22xu+9gVirj0IzJv83pX9A4FgLBG8ak/OdEjnpIIteVSGRWZmfSNVsap9X6rJqiBRoVtjI7xXfeMkHYyII4dBrGl51pvDYVp1ZQ8SDaNuu3vVvpvTpbXXm5JJudO/l1YLClYAkb3Y/xxSW3ZUZsZvvzk0N59vNKGwE6c6rfE7pOXkzglzFsv4fQAWoBrYhie1b+98Y23FqEAD5ypLCtoUSpW1KnSp40y0kvmIzQ7PXGm1KtQFkE+wq9jhZeKUHQ0RAIseJ3HI0QstJVmWZmL8OMUM6J1E+eImyZkzMjXEsnAsek6T6QOT9/asHLCkx8mjox7TnhbMIFhewA48Tx3Jqj1TqsnmNFMtyKaPG1Emh203vq3J98NMYcLbInjYD5+apicSEPIUEzlg30M8haItr1q9n3kbKQmeVFTWfK1DUWrayRZAvajzyeMKMYAAqcFidRp8NVdxLLWIKW0yk7/cfaiKT5yJVzTwgwyehgq1qI9Iax6bPajX0xZhlbCQkT0nShk4NZUlCtLg/atjzwbyIApIPlgVtvsnP233B74picSlkeOQCDcAmI5D2ttSqRJisv8WdXLZx01f1Z8pAvNULAIGogkG+230xj9nYdJYCokq8Rncybx7ivWYFGFbaQt0AK589I5cDQOYSeWJApEDvoV9VB3UWQFvcAbauL27Y0VtWzmnV49pWJ7gC4Ez9qj80ohahQv9/pgGTOsIGpoy3u5aU4dBx/mjfw86mVZ1CoZmZNRZwu7GnI330oBQAsnE/9QYVacMhAkIAMwJkgSJ6q1mvCpxRecU4vVV/x6U1ZKCb+kWkMTKgQgNRplqgSeSx73vtjy61NHAhvNJkTyM35RW0Vtfo8oVJkH/FOfQHZoHLc6m/hWwx6vspKU4YAc6xXz4/SsXXxOkkkcCwxTTEesyR8sDRUnsRXNH+eKL7xKVOOABINvzTSXSCEpUfm1NeY6M8co8+cASJUelAQjggkICNxQHIvvtWMlp79a3mCYg8/EIjYzaiIJIOUT/NRy5np4ypQwLP5YJYSxhXVzuWII3LbMN+ABhpOE/qE51BXLgLAdBQHkLBMwfvSypiy4kl8ryYl1ATONTWTsqiwTubshgOAcHQy49AWqRrGnmaMltloEpPpYdOZ9q86vFk85BE4y8iSFFGttia57Wb3PtvhNpzEYZ1QzgiSY61p4Xs1OKQFlQjzkcjVvwV0Fl6lkZVTTDHr9R/USjCv29/rjQwOLCllCj4j7Ut2thmUQlhIATrG5MfitM8fTqiRl9hbb0DRod+xxvMqCcxNeXxCFLKUp41knjzPyM8UKorRko766thYrb7be+IxOIROQngZpnBdmvKbLqYJkpi1iI+CKYx1bKQrpgeEaFJ8uPSCFNHg97Hff1YI8sFpXcnba9IpwzqHsmISUmbz9656L1bMyyK7KqwOGCtqUsWX5Tt+gjYHc4TwwcCylSiTFxwtbzpzFNJyhSUi5tHuaKxzzGF5mGgI5LswTYAD2BOkXV8m8L92lJGdN97yI6fmmFNZzDSswItqDPAz9tqCda8aKwVAmrcMPSDsG341VdqAfriyHXXN7Cb/AEoj2CDB0uY3844HzqfK9VkZFahuoO5fuP8AjwEOmNq1FdlIkyqvvhxleoZl5s5JOvkSyy6oyvzsF0Lv2UbgL/d784dtWFrQjOeH5B1QJK/nZeAq0rsBoVfLDFTqNHc2eTX2AxbIltEpET9qlKluLCAZy6DgT96p+L+iHLtCuU1OkahZyE4YrrD2ezAnjjTvhdxlKxMVrYDtPEsrDZXabzeNt/eq+R6C2a8wFgqhASbO5sH9hQNn64M3iA6ylG6be+vpAo3abBwuJUtVw4ZtNxF0zeL39Ks+E87Fl42icPo1gqx/SLBJ9x9ParP0VxuESuHCvytJ8tvrSzYeVCQgwExMHckwDHCB5W1p+yqSNKAqKWFatIYad1N/Lt6fsP44M4hLqMhFqRSVJMk++vvQz4rTf7y0RJ8swKTQ3B1NRBHBuvpzeDSEok7UNpCnHEoTqSAOpMX5Unw+Fs08MmnLERThUdwrExhPUGAvURv9b/ajVINitIvcf9v+aYxqMOROHWSpBg7BfToap9KzB/EZbNzNmGaAMJZJFCrpSwoj2BJ3Fjc7knFziW5CZzK04878BbestDJGZMBKTfgZ3naasZ7ps+YyM2bcIyxfK36gAVDb8HvZ70eMVYZLbneZjJJtx6zsPancQtJWENiwGv0A+tKEc4UrItKFYMFYWGI+nde1d8aqihScwMD5p850ACK3Xrud1dPjkdfJbNog0KA4RwdRIHb0gk+33vCBVPhB00oYbCXMw31ox4gykfkZMksNCaY2RmVrKqBWk0boD1WOMYfamMewxT3W+aZAiBEzvadiN6cbSFfurO+gZGNnWaT8xhq/LViJFO/qA2L1z6TY9jiP1BCiiSjgqAU+fCeccq3u1lOFIQEeADXpw4Cg/jdxl9IhkkmiILpv6Yix3PFFj3HbvROHMMh9xJD8CDtormOA+8i9JHtBKE52kw4RBO0Dlx40mf0oZVCHVY32Jo/zvDTTaUOZh89KDiMavEMBokzPketV8tkZXuTS30biz777mudrwdKpUZPzny48qzjYVt3gfqeYXK1Ozyu4Hlh24I2oH7bk/Tvjw3a+FbcxR7oBITOYjfnH063p5IKUida0Pw8yHLsY/lJbn3Gxxu9lBf6WHNb0F0+Ksl6RkYIc/mMyyhtCaxfOqwBX1vv7EHGRiHXHcMho2BMHp89DWiMPnfCU6mKUvE/XMxK807O35TKoA2Go7k17Abaca+EQlGRIGsny4D809jUZGnA3ISggDmo6qPGJ6TG1c9Hz0boplK+qRbLzMpIr5SByoI57WBjeabYIGdNxbb5FeRdW+FKKDryNTeBpoZM6xzHqjgjeVY2JI1LVDfkKOL9sZXaqy01LAuSB6mm2VKUAFm1CvHHUMy0pl82RsvmPzITuFCncJtsGT5SB3F98Rg8M02gJCQFDXiTufPWrFxfE08fA3PBysbyMXEpYA7itFUPb3wu+0pOObWkWgg++tMoXOHUCb/4p9+KsYaOEGF5hbHTGaYEAENyNgdyMaudCB4zAka/SkCVAyngRWcZ+JMwoMzAVakghZF3IvQTemxR79/bA8ViRISEyeO3qLG16PhQnDNKPeax4eInfdJ5iLUlzQM4ViVEgJFHtVWGsk9xRPv8AwhC+5Mo06U+k/wCpNkqMKBtrpzJJ3qxLkc2kMMgtEeyLc0K5IHbDRxjInKRmtMa30pBnBPvrLQSYE62A6n6cdqLdM69mEyZy3mLIjOZN7s7Vpsn5SRfHPfCWIeUo5VCOdb+A7OaSEvIcClC+WfKNzRjpOXgfKrGIfNYKXMkX9bfZdN2Tz6d7obYq0tQX+355ag/L15x55T/77ETaY9jTf0/qwEUYHSJa0LytHgcitjhmFcB6VbvVf3n1pQ8F+LYMvMzO58qiAhckJvZBXii1AHnj3OFVl1J8Izegm3E08pbDrAFgoa21HI2v9t9KtZETzMsiwiYuzmVGOlfWSdLGvlHpB9wuNPtF9vDYVIcXl8pvuANSTp71gYXMvELcSJ05TwPlrXXUeoRZZSsitmMzTFiLWPU2xtzuaACgKOABePNlTmLXnSciDFzdUbWGnmfKvR4bCvqSVIiddY8+H5pTy8p8segjuCP4mtq42/yxrOYB5J8IkGY/mmU4/DOJJUcq/DsLEGTBi3v0r7NSsAE1eqQ6SWIGmwNuAKF4KezChtKyR0E+td/8QBZUlAN5gkjhpAAjTjTPNMolVFleFWbY6iC4oAhrqwALHHb2wF/EEGECeMz/ADWSnDKIzEjyI+lNXxAkWLNiZhrURIrpqoslvqsVv6SfvwawyVBKJPyaUWrLceXWlbNeNJ/N05f0xMAGWjVsNyDyO1YxktvEZ3lnMDsYEcI00o/eYRDBvCuG0cfXXWl7KZXzcwqRF0by3UjcAkBnZH+h0Uf2vbHq3l4dsIfRAT4elzaecxWMyl5QU24b3I42jTlB8qOdLzzfhs5066M8f5cZ5EtgMBfuK29wffFO0FMtlL5Ph33jmY249L0XA94EqbULjTnypByQRX1SrajTrQ2KUkaiK3B9jzi5bkEg3AHwcjTea8da2frUmTyGRSOIuYXTXCC1lnlNgjgAUCa2FXxeFMyiCpWsxQ1CXkpG0k/SpPH3VI4H6XK62rRyrd0V1LCdQ54qj97G+MntHDLxDJQk8+IPLanmTlMmlTpHimKOKSOBWf12GkIpmAq9NA6bBIs2RV+2M5zs1xxYccUAY0A0EybzE+XStLvhiXkhemnkKWl62cxmZIcwpVZntCoA0vQUFRx9vfg7HbdaaS00EAmAN9fOst2AsxpNG+ieF8tEuqdS8jtpTSKACg+tRdg7b2KHHPObj8c8HMjRAAEmd52005C9WaQf3A35WoYnSPMlP5YjcNRY77AW1/QAXdf6YI04pZASrNI6edabikJaQoNgKsZ6HWN6ZE6U8iFYc6kktrUZhaPUwBoK13ZANkqL2w4MElN4nX0PHjpas/vL3rSvh7kTF09UYkudTMTzqbcj9vl/bF1m00EmVViqdFzUnUpYon1hkprOkhCfY7Wp3+v74wjimEYNK1iL23Ej806S409mSb/Sueq+G8yDnYYtOY8sRmRlIBGoE2RZANKbAO1X3wzhSh0tLjLOgplztFXcOoXqqCeu584rjpPSJxF/uwDpARLKxWyxIoqov1berT9Ptjcx36PCuNIdUJJvIHr069a83hnH3krVBHC/y9FGgy8fS8zJl4yZyVWaQsSdDHVf0BAI27jGX2vh1NdotIB/p3I66R5TNHwL6nGlZhChr+aXPCGTzAj/ADIRJkJmqQO6qAQD6lJPpcDewN6Axd5SCbGFjSPmlGE07/CuGKDOtlVZXKTEpKGB8xShobHkAXt9cKL7xeJac2IMiNCJvTKFAMrTvamT46Z/ysvlyK1+adN3yADtW98D98bTYBSoHhSZEqBrIM4rGP8AEOuiWWXSBR2vfUDyT7gnCyCnMUJuAPnlVVLCybCNasmSNVkUs0shKkELoIrVqZh8wc7VZN73gTgUVCQEi8766eVGwzzqFpS0khW3+aHS5o+mMhw47e98m74/zxzASlWexT9q9HjnXHG04dQUl20RueJVOnyKZ8r06KU5UmGSVlj8snXpAKk+m1XsCDZ3I98DxL/9MqRYE732GgrMawjjLiw4vKtIm1iRxkx7UW6Xn/LhTyQqSu92dlUNVLzsCT/I++FG3nEYjPNtI/PTjTuJwbZzpy+BKQQY1PX608ZUKEUSK2sKNVEkaq3o/fDIxrihmBsa8+pm5ifas/PhTLx5TO5hYtZUyxpfqb0tRc71zuBXYHB3sSG3Wm7SpQHOOQ++1TlzJVQlevaBayOoZGGmMlWJJIIPsaIrb64N2invHUqgEgWm8XPvVuzm0hlQVx28h/NTv5E0buZGrTQ1H5a77Wbvbi+K98ZP9RCgkJ32rX7wobJQqARc2GlWOidJyMkQJzEkLq1qrB/LBB41Ouk3W++Ntp/KkIWu42sI5VjOJk5kJtxoT1jw7MfzJUBTUS2llPNHsTQN88cXXOD452W/B68PnKi9mtNLeAdPlx4X0Hnrypm8H5mF5fwjmMq6kqWospUj0g8gdx7UawlhHVrBSu/CtPtzCYdlQWwRfUDaN4po+IWcZM0AW0oIlIN8MSw1ULNChZ9r2wRTSHWyhehrFKlIumq3VcmsUOXzOlz5yaXAfj0qVB7Fvmoj7YycdhMt2zvIm8W+nHjSrziGwlxSZmxI4fi1L3iDKIRJMIyk0lSRbmpVcDUyi9GpkLahQNkj5jjmi+2G2HDmbAmNhuNbkAxFzFNYZ1o4mFeEn9p4jrpM61T6blBLJBqy0ylNMn5WipQpsM17g7aSQdwBe+DOqxiWXGmlApWCQFXyyIMa23A2NaeK7NQhffSLdePK1WMr0aFOpRpmct5uWzighpAB5czCydQrhiwKXR1DbYY023AthPdmQAB5CAKzCIVeuM70wsBlpHMkOWpImcFQaJNbblQD5fINA0d8FcOY6UNAElVOHxG8NLnctkWM0WXEaHS0h0i2VKUDe/l4+mFjTANZ7L4XbLBXGYizPmalKwktTAXZFChgD8BMqMCncHiQysqAmxHmaJ5Dw1HHMpC+cJF1AOLVSACWTYV39j7HY4znu0CtBzHLFrTOsfNaWCblVG1dyHkj8qYqutirD0kfPX947GjQJvfCy0d81CswKTGhukmB5A73MVcKym1Vuk5NWjnMciuxWQMWU3pKMp2f07hgRftuMO4Nl0OhyIjadrbidOFOdoY0OkJCYAHzyqh4Y8PNmpVeHMIUjKsumOiCNzZIAFEKdieT9Mb5xKSm1Z58NbL0fMRtA4jOyFkPb1Dk12sm/wB8JqFqGNayg5ufz2BgkUvCyLmRG2kWNiaU7D+0vY78Y8w32cpTCVp0kKy8enXWDvWo8+hLkcKJ+M8r5XSFXJjyXndA2ki5CwOrU6k3dDcE2ABwawfBupU/mUZCZjy5UtiCXHFExJ9Kt9D8OSxBYPMISKIWQCNcrHWz7nc71/0xi47tJOIUXiJUSfJI2865tvII0pWzOQOU6rLG7hcvnonJUKSCygmt++q2241Y18O8MbgkmTmQRcnTh5R9KHlyLgb1dyfQ2jiVUjJBBYbIRe+qiTd1f8KxoKbWrxH/ABetZtzDt+FMDibyfLTX2qfw/wBAVOp5WfRoOoj0hFslH5C7cDnnDLIcBynTnSOLLCk5kCFcpvbW++1rUb+NXSvPiy9kAKznce6jfb2w2VEIMCaQSU5gkiZsLxfj/FZPmeoSxvIsakxxuNRamGx2JB+o5/fEt4IZ0qNudLoSgAE60WTJpmsuM20l5mIMrgIFDLYK8bWFsb1Yr2wHEYV1pawB4DcX0O4M7HUVqdmYgNYtsnjHrb4Kp9MyySmStnSPUv7EbEfUf4YXYZzpUDtcHn969N2j2gjDvsvN7mFDfKQL30NqPeE87F+HmfWQmsByvIWl3vkGr4wE4ZRaHET6xbymsTt3ENu49Km4gpAnoSTPtX3U/DI84DKyIYT60LyUoArayDvqqgcLIcUlhK303MiIuefSLTV2saFIKHJItppEfkdaYsn1HNNGhaRCSoJPmrua34Wv4bY0UdnICQIFJKxGHkwk0BznXkh6VJFpCymSRDEG1UXJbWRXy03AJ7b4qvBKcxaHQAIFzeeg2A50mFeEilPJDzvLpdTqQwjJ0mQbak1b6TtvtvTVyK1sQgLT3nDWgYV9bGZsGxt866VNnUgMysv5Msz7hTax3/iBvvteEMPinA6VCIp9zApcSltUyT79KMRdF8sBYs+4bho5d7PIoKKq/r/ngLy2njmUL+9Ps9mvtiE3Ht8jao4/BWWMhZZ5yz3aR6BZI5+UjT9COO+DJeSIABoX+muHxlQA+e9EoPAr5SQTx5oO0VEUhtwTuNwQbF4aZeaEJKfT/FKOsPKTJMjn/mmL4hxynOKVUMBCrC1uiCwP6h2bisJYrFdwBpcnWftRcHhmnkqLhIiAIMazyVOlB8o8iRtl9XmRhv6to1NWWoghgQbG3teM13tNTiIUExrqZtFFPZjU5rkHnY/+POrn+0UMkaRSxKTl2BjeJSvlqKCkAltd8aBZ/ljTYl9gn9p5X+8/mkMYwGlpDaZEA3/xHSp854silcVBJGsg0hyNADA2rqCQ1HcFa3occ4cCI39qCHnI0v1/ivs517LLlmkTzM2RIoEIQim2AaqNKo4b7C98Rh2msMjIyDvrfX7UmW8Q6qXVCOArtvFcEi6dGoldXlNEVIHA5Fjt6tqOKZVzNapUwE5QDTF4p6HDmFyjZnbyo2POwJEYJIO1bVZ4v6nE0CkzxL0eDzI5cq+p31jUrLpUAWQKoHYm9+574C9lIhWlXQoJBJpXz+eky7skjBm0kKpJr1AH9DWeBt9ThY4ZpcFPEe08Z40YEKEpNU/DPiPyHlE8IeOVdLxafQVu7UcXyNzwcNABMRfrrVIzC+tPPSvE+WSMwNAxy/6WUeoWN9YJN0bAa+KwVMKsmhrCkGVVPmvGkMMIh6bl/UbDFkNKD3oHcn6lQK/bFgjLdVUzZja9MHwqv+j31E6jLJqu7vuSTye9gAewrA1mRarQZg0Kg6hL5qISCqKVFhSQNO441YUYMspjgKI5/uHrQ/rniLLiGOKMqiqwZCBqIZLG17Agj9WM7s//AKedSoqxLllC4GvT81VzFC4bSeU2HX+Kz7xH1hTb/iJ5HbYMJyQN9yQoUXXAAAx6H9LhmGw22kRpt78aCnMbqq703xspOWWe3iy7l0dlJkK6SpVjuCDfPOy84x3eykIW45hrFYjLoNZkc7e9MIWDZdPEfTFlh87JSpmIWN0SQy7E0aYcXwReM9ztD9MoNvJg8bkGtJvEJdjPNhFo95GvE1H4WRzmsjIbGuRyVHYBCFYm+/qxoMYgKeKBaPfpQcQFFJJo98X5HWKBkJ1lmjVbABLhQCSeKIvGw2kKkGsh6CBNZJ4faTzZWkXMGbVUmhNSEDnUK+/GDhBIyEWoLokAJ0oiOnzLKJsl64GXUwDii1/LR3s70MSXQlH9T8exqzSisQdaKeHEhjebMKE/DzxWsewZZF2Oxrjf9z3wi5jGmllME+VMjCvOxeL786s9GyYiiljMcWl5GetQ+VwBRofQ/bFHMQlaMoSfWKfc7IXnHjHodaj6pli0sEkiIyQ2qxB7AFfMNlFiq3sfTAncS4QISJ84pnDdmiFS5G88/wCahy0uUKKRBnKKivzUHb6LX8MWSrEQPEj/AMvzWUpuCRFNGek6BN/WMzexqWhzsDVVudsM/qQBlCh7UROGeJ8KD6Gq0WT8OpelWG9/LNYPIPy2D3xCMSE/tUKGrCLXqg+hqSWHw8ZfNOrzAfmCy3Y/5ecULiFbi9ES08mCEq9DRBOtdDUadZrjdJe3/Liv9KNRRy5i1GYV6H8VJ/tJ0QG/No83pkG/c/LziR3etqrOK0hXDQ+VEeldX6bmJVhidmka2ClZFutybIHbFgU7UErdIvMVT8c9T6RHOEz0RebywQRG7eglqFrsNwdsTY2MVDZWm6CR0n7VYyPTOjSxxyrFAFYWoYaTR9wTYP0OJk8KsXnv7j6mrCdK6Qu6rll2okMBt+xxwURYUNWZRlRJPO9Tfhulit4NuLcf68fTHZ1VGU1G8HSaq8uPs4B/iDeLZlc6jJyqTI9C6YwLRRxPqGhmVrJA7E3ud/vvihcIqcsV74tzOXghiabz1QNoXyWYEWP1aWG23f8AzxBXAmiNNFwwCB1MUH6TmclmK0pmiU+UyOe+1C3PPGKkpWKs8yUDKogzwqE9O6XPI7GKR3U0TqNMd1oEsFZrBWhvYrBSyUiDQUOQITpXEvT+kmJZjCxjbTTWeHYqpq+LFEcj2xww6sxTFxPtrU/qSQDNre9dydO6VH5h8lwIbDlWOxAtqGr1aR6mrgY5OGUohIFzp56V36mATOlTS9J6e4JOWkYKRZD/ANzzAfm40kC/cgYqGtuNT36jTP4eysCZdfw6lYpFEgB7hwDvZviscpGUlB2tVSoq8VL8HVsvLI2XMOaQAV/WUpvYAaZO++1dsKvhHZ6UqM30AM2G8E2FT3yXZgz5R7xQPMdL6SWOnIPLyvmK6UaIBFtKG5+m++NBpL7rYcIIm99Y246j+YoPfNAxm9KqydI6OCL6Y9kkD8yPkAk7+b7A4IMI8dAPnlVTiWBqr2rr/Z/pIJH9FSbc/mRf/wC2KjCufP8AFT37X93tRPooyOUZhl8jNGWHqAljo9xYM1XtgGJ7KGIQA6kEVZGJaB8KvaiXTOs5czRhcpKp1UHLREKeO0hP02GAI7JbZIWlOnM79aOcWlaSAvXkaO+IzltKjMgld6AVm+96QffvhgOd3el3Mv8AypWzU3Ro2LsHR5BWoRygtRr+z7kDE94twTNvSqJDfD1qjLP0Bxbam49TRym/YklfvX8sDOHgxHv6/wA0wHOBFRRweHderygWIFXDJ97A0D73ju4JTyGpn78zaDVe8CTqJonmJukMSTNMANjTTAbc/wCI3xUNJFvvTH6pwnNmHt+Kln6r0dR6mYir4mIq63IBHPvjk4TOYEyef26X6VQ4pQuVD0FOWXVGVWX5SARzwRthY9msCxTVO8nesS6YmWmUxKMyZdbsL1KigAsNTE6V4uzXGKqwyZKiBWkjtXFIACV68hp6dL18hnJy7SZvNRRvfnPJGpQBAxZkmQFG+XSvN874j9IyP+A96EMbiBaf/EfipF6Y4caesRoTRb1R+nZtTtY2W1jA+hOK/pmP7Pr+ase0cSRBV7D8V8nTpAyNP1KSEEA6nSLZ7aMgHhqO32dTxdSMMzsj61P+o4kCM3sPxVfrGSzUwjXJZtsxrJRvyxpIAGtw/lgVqNFV1ED7HEpwzIuU+5/NcntHEg2V7J/FW/AWfzf9NRZfNxiJ0jkGkLWr0D1A8FTVgjDLbKEnMml1Yp0oUgmyjJtuKMfETqRj6jp854x5UJ0qAbuRwf0M2yg/LXIwHGsd4kHKD+7Xp1A1I1qjaoFLEGdhGtZFmAYM4qQC3JNaho2+p7HjFhiu78JAsBHO3yK2GOy1vsodSrUkG2gG/lXeZmhUZeQrKWkBMlSAaVRygOyVwSN8Q4tK8udINr671w7OEupCjKSoJtqUib+Qr3OZeNczJHFE7nzPSfNNsavVQWtlUXxihyqJRlBiY12qRgG+4S8tZAISZgRdUQL6jWoo88iQ/lROsSaFIaQ1rbW2xrj0lt+MFOMURmSLSB9z+KKnskJcLbiiDC1baJUANeNzTV4R6gqNJGVVTqjlJ8xqOtVvmu5sih3xJcK1GdorMxWHS2226D+7N/4qj6U5+OpY1yTmQOy18iaSWPYeoHbvfsDg6AFQDSKSpKsydRSV4U6nGESNqA9Ta00sG0A7hVRX1fRuAPtd1IyqyAcxIj6/mrqKlp75RBvGo+daKZHLN+a3nPG8cwWVWkCKQoLFxpUH5CHrvvZvB3DB0FxY6n6ncR9qUTfjY/NuH+aizGSjhIZiZW89okEzAhfzASVShbWxO3GJKlERp0GtoqIAMxX3UIzEJmVpdhmHKtKCGZSo1HyzW4PytuKFgYlPjITP9o09B+eNdESetRr0wCeRAZxHDqRiZm1keUvqRQAGGn0m73AxCleEEkSb6DjuasBrwpn8IZ4kPlyAPICqmxBMZH5Za/1UKb+8DhPOHf6guDuNJB8Xv7Xq4t4eHwUnday7RyNl4X0uQ8krsb0J/aOm9yNgo4Fe++Mla8c8pbnQcIGnp9a0MFhm2U/qHRKAdP7lfgan0pdyXSqhWVVhlUyrHHYIZ9blQygi9NhqLXspod8PFl//APcPqaZxWLwzzhUlJTPSx6c6nHSRGzxTeSmlcw5dgfkjKqX2S6BsLxZBAxJYeJJ7w7bn871ReMalKkg2CdhqnX196mzHSFfR6IEMwkYVY0JGgYsVCXdMrUBfqGKjDPiB3h9TQkYhtN724gGT66RVeP8ADyK0kf4ZwswiXQCfMZlsKv5YF03P6dO+IGHxG7h9TXF5mAJPoNfWr3Q8rk8tNlg515l5V0IWYUusprUAUVtSQWIsC+KxyWsV3gJX4eF7/OVMYntEYgFIQEiNkifM7eVO/wAROuplI42eV4tbEAqmq6raqPuD+3bDxUBasUqgxxrM/Fvjh8xNl16YHlch10+Ub/Sdl3N2C3etvpiHEtOoKHRIBCtSLiQNNq5Ke8chJg6XiL33oXDP1U0qwKwsKKhatSA2NhyBZP8A0GFChhZKsqiTmm53MnXQ+4862P8ARshgvtiw3HyOdGIo5CsRPmIxQai0RGoFNNpsbBQNV80T2w22tsIWgIMKIMGYkKzjnr7WpF/svKtJDgMbpIJANj57+dU5sznPMdRDIApDUYTZVzsTQuidsKgMj/5ZNgNVWiYj6g+tOjsdKrl9IE6yIMgE/wA/ipooM3LNJFIfKhVPU7xFdDWCqm6okna9zWG8CtllwOIQQpN7k3MRvy203pHHdmlDQzLSUqnQgnXlz4VuOQTTFGu5pFFjvQGCKcKlEkUoGwBFfnzwlnBFm55EAzBOvTEHoudZr9JoVqDatqI3wF0pQjMTHy1XS4pSgiCY05aTM0Vi8aLCUyckQyyLlGDlgb1lJNKqASNFvsQL98AAS4nOkzTaQQqDbQ/SmDM9fyk50CfLyyyxsyHUljy/LaNHZ1IFkyL9sTlUNKi2lVM91Xp8WYjlKwvFmQqz6WUGK9TxtpVf0Gl1ggjTve2JAURUFuD9/nGqvWPiZkIvNOXV5S0uvy70hW2DSK/bUACKB9QY7hji2SbGoBSnf/HzmKp/DjxZPn+tQmWgqpKUQb6bTf1HetrrjmgMESjKKGtQOgtRn4suyZ0lVnOqCP8Aqoy3yvIRuBsdzsCO2BPtqcKYAIE6njyqUkAUuxfh7iWSCQyPCraZJdGxJJIAiJ3Io2cVU0Brf+B1pxPaDyUBtJgAEacSCfpUUuYgRHaSH0qCoLzt6dRu1qIWbJFbj6b4p3aTaOFFT2rikqzBUXKjbUnWjiwLlmy85idXaIZjW04DKIxupBjog3RBFkMeMcTlWSBxO+9FaWcQwEKXF0oiBEXIOtiL/wCK66fmMi8Qy8itAHLTNclMkqDSkYtflKsaB3HvigCcoT1O+tMLXiQ6XkqzGydEnwEAzH11vVbwxm4mzGTkF63mCNc7O21AFl0b3Y71QF1viURmBjXrU4lK+6dazWTcWTuZJnmdAIrYur5aGSPRPo0GxTkAXXa++HWyUwRtevOyRpSH0XpeXVYoCYxmPMC6o5DpcCM6WGlr9SqNQG13fOCrxK1LK1aknnrwnSifpk5IbuAJ4HYH3PpUni3LxZUhp4HmWQkko76QQoWjqJF6Tt9vpgLuLUyABPtTnZ/ZP68nKpIIixm+38UQ8O5GPOQCVIyEZySrTyE6g3JA2uwDiWcQpacw6bUHtDAHCPFlZmL2kUtnq+WM/wCF/BEEymMlp2ol2AYnbcE0TgI7QPeAbyOHQelav/w2r9MX86YylUQeEnej/ifKxQGLzVsyFlB82Q6VAtjRPBpQQPoe2DLdWkAJMHoP46VitMd4hS+Ecbk7exPlXfw0zuXbz4obLRmrJLHQWbRbHc1uOe31xRIBVm4+nkNPzUON5QDI/kVnnUesyRtmVieRcxLNRlH6YkJY03uxpa7AYUaKWkqPOvT4nCKxLjGHQIQEg20k6/Oc0QzOczhMcSx5ONo1MqAS0YFWHQjSGr9PmlgWq2esOgnWK80pptJjP1seO3G3SourHOSzszx5eT8ScugCykqYh+YEDAfK+lpHbspvjEyZ0qChsJHjvfY+Xr7VI/UM0xjzuYjyreSisFSZonUzOCrUqnTqACUbsLiqzaSKIyiXMjahe1xAv1mheY6lmNQcRQoyNM6KrekSTWNdaf0A+kd+bwPvOR9qcGBTBHeCYGytD5fBNXukzNJ1HKyeSkQDRoQkhe9IAWgQNIC3sPc4Gs5lJMRensG13OHxCAoKBSTodepFOHxfRmbIhK1mVgtna6Ub4viBIAryy0lS0AfLVm3SiU6xH5hWMjz1YpZCnynWxQugd77b4vh0ZELk6QPnrVWpS8vNtH0/FOw62hAkDAhPPB1agxJjVVJo7BtJPvuPrixSBEGa00SuRBFxpGkz/j3qtk/FOWjVUaWJtWXijJGr0skLi9+DrpduzD644EVZbDxP7TIJJtGvD5HCu5/FuULFROjaPKcudXBnDlF7koov2tqxxjb3qBIuoERw6GCepsaG9f65BOro5YIHieHWGsSA0wc/Ky6SRfYla4xLDwQvNPh96A73amQBOe88I2862jIx1Gg32Ud/piO9C/EN70AA1iMEWT6e8bvPplkGltTcjVfaygvTwKoEYxmlO4lZGWQDP28zWgChGpr7xT0x5IznIX1xqdZJYFfLDWpG2nY81tX2xRL7SXS0RBNhAgz/ADtzo7akkgWvaTtVL/amP/dcxJDDLFrkizEccMfzEKUIH6gaNH3DDA/9PclxlKlAwFIJUdBIPQ8d9KXdKe8hFxMcb+tW4vEEA/EO2Ty5eSVUykLxx7LVF2IBpe5352xT9K54AHFQASsgm52Avc7CuWy4kwpOum9Eem5zLBVi82CV1JNolLZNnSBEaq+L4rG8z2mG2kpU2oEDePqVCax8R2NiVrU5IidJiPKKbvDfh5484Jz5ajSV06EJrSdw4UFd9q4IwmntdjGYpCWgRAO8X5iTPneaJhMIvDtKCjMn5sKt+L87FG5MrEekAKFsb3yaoDgWdhzh145TpTANqXDn8nNBFJmY41KlY4xNCGA1dkbRuKBN8Da+cASsmbR96sgZwSBpVjpsGTmVpIIIdcchFHLR9vVsa7ivVe1/TAMTilMt5hvA9aMhoKUEzr5+XUb86KN1lnJ1Uf7OncLxVsTp2P3usZCsRiXVjKT0HzfrTzuDbbRMwY1P2FR9a6rKhXTLpUkHWVUi7A0djbC+N9sbry1JTCRJt0H+KykgE8qoeI+s5qGP8qSN5kGogKNlAJYgXdkekDfcjBErSCCuwJgVVQyzFzflRDxT1Vl6bBOSlkoxLg887BQTf0Aw0pOQ5R0qjasyQqlfwXnjns/DcYUwgysU+T5AqhN6HKkrVrVYou6kjz9P81oYcBDDrm5ATy8Rk+YA96Z/Gs0mcZMllR+ZfmO5NLGoJAs87kHjAnwXP6aepp3spxvCJOKdvMpSOJ3PQUF6b1WLppkiObaRr9YWDYEckeoH6HnjGrhexcQG86bg89qxu0f+oGsW6JTESLfQk/igvieVcxWdyqxuuqpJI9QIk2rUh3Q33BIPOMfHYZTa80X3r1X/AE72mhxP6Z1Vv+PCNx96dfG+VklycEjKGcVqXWVJLCjTD/A/TE4gOFKSnasFl7u1uBs+E8tgbUD+C+RjjfN6dSvagxvVqBqo2OQd9+MEZfU4kJUNN739dOlCxLIQvMnQ3toKR83m4Y8yfOXUgmtwtltIclgBsNxsb98NJPfM3ACZAkkXI4CKZdw5wb4WhZUvLmgJ/aFCJJnbUWq4vWmzME8udVpvxDquiKREZY1ZpPLHp3T5bY0TS7nCq8RkcKVCOBqWOzy+hIwxzKiVDSL21+eVTZjryvES8SpNI0g/rTQSTTHQUIfWsCiJWJ2BJ744YgHQH551lvrS2spmY1jSd78qh671/wA6BhNpQpmFeNY12dACqxuVHMYpgW/vD2xVay4lSR841q9nLw6XGnM0yYI3Sf8AiY34+VfZKEkK7vFDHZAaVyBxY0qDqP0obYROLULJTPT5HrW3isHhG1mVKUo6xlOus2oh4Mj83PxCICQRsGeYqQBV7AEkkk8E1zdYv3kKSXBBJEcaSxSi2yUpJSk6JkepgD096aPjGwH4MMSoMjDUBut6N+Nq98PupzFPWvOpaaXdxREaRx5zpWawBfNkfU4CHQDwWVtms/Xcb7H7YGtUNrbSJmDe9xoeo9ap3CEoUtBJI10+vSrea8UJHJqWEMIbFEAXq06hxWg18pvcnsBjMTgHFtwokZ+u0x58+AoKFLnTny+b13nCueiy+YmEcUQbQW1aWNj06iB8t8E4qwP0zi2UElRvy8qKlxR8JPpQv+iIdRmE5tJFsGmDoANxY3AIs+4w2rELnuyNRrwPzSroxSRKCfnCrk+ZQxlfMjBYVVA6gVogL3PB/jWKhpWawNFJrfuk6/Ii1A6vLW7u70i+2NMIFUr88+AVjlzOY1wo48p71oJCX1KoNsQRuQasDCOPJCUJBIk7GDoTajtokSaN5DpWfyPmzZRkkhFF8sQVRw12EDMRfPysRdgXWnGfjBhXSlt6Qo6K3EcSBp5W967KU3FJOZaCXMSGFXjjYgiJuVf9S7bhb+2NZpLqcMkOEKI3GhHHrVsGUd/k0zW8xcVN0mGJ31TzNElHUF9TuNwEjG9kng8AD3OKOLcQPAkE7ToOJPT60dw5EABRBPrH8n2ptkzuaTyYMpl0ySSMdCqNWYIpQzsdwtgqOCR+2EUMocJU4rOd/wC3p7GgtgTCpA5Ux/C2CYZt0lmnV4xbxPJ5iSK2oBgSLBBHaxuMGbQhGIQcqbg3Agiwt51V0CPCbU4+Js0iu8bjUJEAK82lENf0qxg+Me7vQSdv5qjSMwvWf+M45H0pE4OiJgkZFgLQ1c7huK52Bxm4PGLKsznH68K0EoBZUmPP580oD0DKZuF/NRW8rX5bWK2NKaU73tVkf441lsjEOltPiH4HtFDTiMOz2fLpyqEwAJIOa14/zTpn5WiMsirIUKtyOxBABXj0kg7e2LYfs0oMII+5pN3tdgsBCkHNa563M6+VWs7l8w+XVy9yU2gbXrLCm1bgadxsO+F0SEyfb3riQbUlQdcjzEwXNaYZ4XpZQWVSQwpXKk1ZvfZThtCSlMmCDqOlQ+gKVlg6WPUU9/Ec6cjlkOqzKo/Lr+w1/MKC1yTW2IdLqgC3E89Pb+aGltRsDpxoP8LZgucZTD5XmpIVCg6fSy7jahfPPse+BsocSoZ1TamEtEYdSs24kQba6njRrr+ZMf4sxsUcSIlg/pVC4og9yxsffGz2UhLmIOYTt89aze11rbw6Ak63tzJkewqvFn8vFkoazMAmZg0jMolJu2ZSKJHYWcOOMvO4hXgVlGkeEWsDw5xSyFNNsgZhO8361X691aNs2IsvPFJlmyczSwRso9SDUrAAatZNV7aT7YxXUqAIUL1r4VUuoykC4vwo94+lbyII09JkfYkWNkNDfkkkUvcA+2KlIWQCYrkEpzACbR7j0FCfhW8jT5sygiQBI6C6UASxpQEaqsk2SRvt74qMsnLVCtStT/k1lfUwfNzTdmeRdxsGuwL7Hv8AuMGbbKkoTEkfQmaYxOMJWopJCTAtvAA8xbSqGXnX0gHe6oHk7kADk8kX9sXxKEhvJIJJnkOMHnSbT7zZK2iU2jmQePz0r3xB05RmAFMrnaiNv7N1sf1FgQNxp3vuEISkQKhCQlMRRPIwn8RAJY0Vipb802pIFi6O50/uTthHFoyoOWY5a052YoMuqAEzpxB4p9+lG5vD4nnZzmCUWISSs36C1AR+mwCf7I3UCsZ4xJbQAE3mBzjf5rWsvEnDtkkRf158TRboue/3qCCExxw+ah0xIV8xhyWNsTxsD7YLh2j3iXFSTz26aCshPaIUVBQmRAM6eVPvj7JCSIEsUCWxYE7ADcbbm/b6YexWLSypCSkkqMCP5oARmrI/EEquIoY7Olm1G9mYldKgsdyK96F4OjGIbHhTKuew41oM9lynM8vKjUwRKuAoF4vzbavIIC+iPUQSaIN8dzxzhhllb6QszaZ8/nvSb4QFkIEJ26Vzls9GVCodQWhoIpSb7g2LvfCiOy8Q4SRH36VmJwyirxGL68KO9M6AkqJm5n0sJgB2Xy12IocEsTRPdfrhB5wtIUykXuOYPPy15Vr4rAYdlsBtRIgGeM/wPem3w54bBV5INJ3/AC2IF6jdkA7XsCL7g3thzBuEtDvLE86XklCeAFaplIyI0Buwo5Nnjue5wzaor82eEui52TzJMtJFEDLpcOTsq2+ptt1B2rkkj2wq6+13vdKTJgn7etS0gq8SVaGKvwTZwxa8ymVmhachla1cMnpLACjwNj9frgSENu4ju2syVhM5hcRz49KjFLLSZVflz+a0teLetCaczBUBujQ2JFVX1A2J74bbwjTDYZQTar4PEPIIdWkG8iQbRwop4H6x5U3mRwJPO4KIp5JI/Tfy0P4gV3wHH4VlzCwpZSBqfzyobmKxC8SVHf0HCPpTRmJepJJDmpsmIxCjRm5lTUHAv3Ibit+RhJD+HXDbap00E6U0lzInxi/GbUZ8BZ/MP1RHlhkSJ8sYozqEikoVazJ71q5A7YYaLanAkHxJJJBEG4I09K5xYUi32j2ps8VuqtO25byaAU6XYUfSr/pJ4v3OGX2wpCr3i2/twpdKlZgB50uxZdZYVSZmLBB6iRrsqbogAXYH7/fGcjDJbxEJACSm/CaOpTndkCZnnyqHKZRzFI00LIwa4AzUSpZaDUPm0gAtvycazIQ0oKzTSD5U6kpCYmPXr1r3rMQERGuJjRP5ep6A2JLswo/ZT9sHHaaG1SAT6faoY7CdxSJSRA11ueA5xTVJ1HLAmIOB5Sj01uF+VTxdbYyySQVGnQBrWZ9S6FmI8y02XaN4nItEtDW/KkVyeQcBX3TqcpUPW1Pt4wtwYJjnt6U/dejUdNgTMFQvpDhjsdiaNVhhxLicOENXNojfpSS3JdLmlCPAIgfPloQPQkhZh3sqB9O5/hiGEvZwXtb2iL04F5cEtM6lPpc1a8R5WSM5pCBKWkSdFC2dLWoWu/qU7ff6Y1sD3QcWHT4SDPzyrIx/elppTI8QMdY/zJpZ6j0ItE8s7R5ewxX1bhwNvVZUD6AnF0Y9rDDLhwq/9xsOYA3qVYZzEDM8RbgLnqTtVT4feIyuqVsuiIIpNToNWp1AUVZ9IP8AC2HvgDzicmdRJVeZMjypjDsqedSwgAAkAR9T5cKaPiLn0l6Rl5WVtTFWUBbptLDckUOeT+2+Eyc7aVGtFDJw+Jdw4vYgTyII+lDfgLHRzPqLMUj1emgCdW1ndq4J42oXgySnRJ0rPezq8atz76/Ss26lI8WekiZA481q0nb5zuP4EfscNoVojQHXnSqhqoa1czLpM6DQqFSCPLUAKOOBt7Hf2wtiApk1TOCM486Ktc0srIzKrEoi7lk06dxR2vTd8bkYsm4tRgZFOfhno0OcykRkFzE6VZzRVY6+Tvzydzz+2e+FrXCOO+gFp6mdPOm2HC0Qrlt7elKfjfKnKTmPWsqEKTGqsFBP6pFsi2N73/hgPZy0uJJKNCb6/BRMQe9SFKOlr1z0LLwQ9UyjZc/kTMjKrHdHJKvH+zDa+xGNJaCYNZi0+IEVoXxWdxJkyvbzid6A9KqD9dzX74hwGIFNMxmk86WZsvHC3l5kF5HQBVVVYlJFr0rz5mvUAbo87c4GsZP23vxo2YOJlUAih3jPwm0wHlxgzqB/VjSCGUEKwJNstGzi5xpwyiSbHWeMfxQ1pzokDT6fDS/lei+afNCpDpoaXJAbT6W0mtitEsSKvYY5ntVGESlMFZNyeG6eszA3pZxwEybTTXlWEXS1a/KPnEXud/MJJCkgspG4WxYPbGM86rE9oKUbJgE+1rb8dduFbGBAylO+VWummvzehsfjVfx2WjehDFKWYgaQ/pKIKvije97nG6vDpQApQvr0B08zrypH/dIbZ2A8zqfcwBvW85ecMqttuAduNx9sTal5SNa/PXhnqnkhwJAgD+ZT1pcix825U1f0xmuNhTmaL6eVGVgn2mu+QqUSNovp1jnpQ3rPVmz0ypAjRxKXLNEls25LEAVtR4J/yGGmwWEFU3PEx0oSwXnNJoB4v6csEwWMloGQNC5/WpAN/e7FdqxXBvKdblYhQJChwNEcVMCi3R/C2ZlyRzcEeyell/VIo3LJ9VPbnba+MAdxjSHu5cOu+w5GmmnAgApTtCufMcCNRzo/0sydVyphkmKpl29JJJY6uNW+wUAizwD9McltvDOqdSIKgJ5Rw61VxCHTYzfhr83pz+C+ci0NEJdUmtiUu6AFAhuG+pH0xD6HV9oNvFPhCSJ589x50kylLaVtg3mY4belW/iCxGcWgWuIbBSf1H24wLtPa8Vv9jLUltcCbjcCLc6Ts5JIUcCFhVH5TsB342rGcgJzDxVvIdUIJGs7j81e8UeIp5pzKFb8PFOsakbWOPezbA/y++NlaUuAneK+f4hkEBQVpt85UQzPUGiyeUkhysTBULzF0tgwK3V9mo/uB7YIlLazBH0+9GYcW03/AE1FIOuvS8ek8Kr9L6tJL1CZ2qPXlyVSM7M2pTZJGktQvmgb390caqcOeZA97m1XKChcpMiJHtRTp835iBwyqSCNWji6JJ1cAjtv7Yxnk+AwRN9M3lAjWrJcUSJSfaiHxDijlyGWdtTRLIHYLRZlCMDV7n9t8etZUtKUlJgxvPDf1qiAkkhWnTnQv4ZZvKJPOyL5eqxZJJam2AHBqzst84uSvOAsyY+fNaKttPcFaUwCft9PajPXSRNmMwXSikSJGT69KFmNr2ssaB3O/GCowjzuYJGunD5NLOY7Dtd2FH9slW5udRHKPShuazWqL8lcvNEV/M8+VgL9tOlv3GwH8sZhJbUUrEEbRetMNlcKbMpO4Nope8P5BTlM0kUSnMz6pmSH5Y41kCqoGw9WlmWuVAPesMuBS2jGtR2e42xjkKcMJB6j5NNXi3KRJ0rLkgP5DRUCxADEgHUAaPJFHvii2/6OQaxULcL+LcUCb5tJvw0qv8H+oNI06EFQij0UAqlnkbar3ogVe1AYHhGEtlR3MX6CgYtCkqyrBB5xw5WrPMx1GGOaVj6n89So0nlJHY2aoA/5Y00kAikVgkEUNy/VUEbsyoqtvWmyBY2HccftxhtbScS0kqtEgnja1L+JvOlImYjl06iimYy+VZDLMzJPYGhDTMpAIcC6Y1yO1HbGCG8SmzYlF4J0sbidqI2fATmvwrnJ9TlSX0Ow0RgKXILpZO42IWwN+KqjXcS205JUAZJte/5+9bGEc/UphUDjt5191HOCTLDU5LzykszNfojFAWdub45vDzCEoRoB0Ee1Kv8A7sqf8cqs+E3WLN5VCmovmVCyOx2AFil7k7EHtf1wYKkZhvQCmDBrRvivWrLE9kn/AI1GP88cmuoBmYvNWBEoMjIuoiihaqYG9ypPAIvcYq4kHWiNqsR5iiHVuqtkelQZmRVMxoEqg9LFWBO3YX7+2EscyXkoQDv9AbeelSFKTnKfwNRWT9JzEuYkYtC7AnVGyxmgSRz+nSBvR22xR1KGkgBQHGTw95pJbKicyfP+POnHxH1FUnhDHWsLBmGoML0gMCvYgnYj2b2w1/01h3VsrcAAG0yPPzHET5UfHDukNpM+IfQn+KRymXknZ5S8lEARouiyRtZ4Vdidt8M9qOu94oABPnmj8zO9H7OwxdQlKbkkAbazHpBNfp7pJ/IirYeWtC+PSMAQTlE1L6crigb3P1r8t5PKGecQqNa6tRTUF1b7LqPF/wCuIyEgqBg8aEcWttHckkpKrfzwFPeVzWdjWeKTKNAGIdY419KhgEapAGI+Unvzt2woGEoSkZs0Wk6mONHbdyg8TVOTNGHKtDmMvFIiM3lAxH0ksAQhYkGzuBR5/hVWCSp7vUqUCYmDrzNCLtriinQ/GTyRmMRyRGJtJUxNIQB2pQoVrsaSuAPdnNoVmCQSfm9GYxmGbkPAnheB52pc8U9I1OuYysUhEtiaMxsjBybLUBWg8bbbVhplbn7HLRoZBkcPKqt9oYZK80JynYk25zr1o/8ACjLSxdSiR4tKlJCDpI3078jjgVhlC8yhqLetGfbYhxSFoWSZGU/tFgRH9s87GKJ/FzrkuXz8axpC2qEbyBtvURyrrtxzgisM09dwTFCw77rQPdqiaCdPzeZnIV48oB29MnqPt/XUf3xVOCwqRnKTGlhf6VzvaeJQrJmvzgDztVjOeKjFGERcs+5oeUW3HJNyXfO59sXeZZQJAJiOUTwtSuBSvEOBpQjWIv8At+lrihub+I+d8qQSRZfgCNvLIDXd7aze3cVxiBh0ZrGiydKYPD3iBJstCrwQMI0HzMV9QsbCySNJHJxl419LSy3lJHnWzheyu9ZS4om+kDbSmPo2YykkbSSZdVZX0DyrYEKAbuu3b7YqzhWXE5sp9Vfmlu0MN+lcCQSZE3EHpTL1TKRNHlUMKvFqvSRuKRiCB73jUSLARWcFEGQb0qTZzLSZWc5OBomXSpaFljZdTjUFZwVHPq24JPNYZYSe8ARr0mhYh7+nLpsKAdKXLpGIy0tu2pnLo7EBgWF2u5+W62vjG4kYhQCQRI6z1Ov2rCcWwCVKBM8NPLSljqnTA9xxzIQzkhgwDA86dmqvqTtizjbWIQS4RbfhymPgorLrrSk5Aq4Ay8ecCaFv0fPZNZPXTSLUoYggrpNbk+oFSd+KOEE9nlbYW2oExJpw41KXMi0kcOf2op4e8ZiaFsi6vI7IRHLNID6gBSmgnp5PqLm6rGcBJ0mtFCikyFRFPHwPyckb5ouG0FY6LChZ1NXvdMLvjjAwACY096PiVhSU3ubngJ4b6X5Vlee6xWZntARHI507m6ZgLsnYAniucOM5TKlCw96z3QqMoNzU2Q6FmxWalyciZcDcadIo+4Pqo+9fW8AGNwz7hYSsJUR4QDv89ahbS0onXnXISXzmcFEVCGKGUFgpA9KsaZjW1jcXgryiGkMvG65H7ZAIttpOtDShKgpSLxRo9GzM7CdMo34ZEGlnIAN7ltyCw3+t4xVYhplKmFrGcnzkfSn8M0G1yLz5C8UI6zmQxjRk0Ri1Vq2YBrof2bO9bA4awxOU5jP2/NGxaUBfgTA+tFfDDST57JylT5azooevTYra/egBdYcKbUnN4OtaZ8YZdIy53srKoAHJJi/0wOYBNW3pPznUIVhjFjWk0W36m0OrtpNb7335xYbCpKYk00dR8R5dsvlJXlCfm35YHziiGsb0Nwf4Yyu2WlqZ7tAk38o+R/inezgpZUAmZEec2+lKCdKmzcrTy52WOBpB+FjWxrj1gBtIFVvsKv8AbGX+pbwqA222CoDxm1jBJE/Lc64hBdJOnDS8fmg0/QJ8x5jSTrGLJDFD6yDpAGkbKPc979sejxeNHZ7KMM0kkkBaoIsSLDWdAD6HSkUk4lfeL/4gpT0BJ+pqfpnRij+W0cjSZlBICqjSqx377k2AbB4wx2rLziii8x9B9qP2VijhClYEwZ+v2J9a/QHSB+RF/wDhr/6RgCWwBFUddzrKuJJrE/AXhdVUzSpNHN5jMpW1IG4AIqjtf8cZmNxL6Fw3p03oqGELEq1ohNNnEmmi0yyxArpptTn0r6gpqjuabgUQeMHad7xsKVqdbb0Es5VWqLP9czMWovljHDFS5RYwGdADTGhdEiieK4s4IEgmBUqmK9/DzWW8tgJUR1qNzV2TroD1j9zvgHehRNtCRSb2GzKBUJBFrTHp/NTeZNpI0yWRz5L3wf8A5/fFswoS8OCCPfKaJeBo76hEdUh0LKN0YLdAUS3BIpgN9gfbBW5Chb5Bo2GZDZUUzcRvpI472mofiv4ffNZ+IhWCCAgyaGIDBrAOlWN8n/PDC3lNplKSrkI+9ONxF6Sctkc8hKeRmfLDXflE3/mOBh1K0hMEAcN4NBeabU5mInSRMSK86n0PMkhlimYl9TMYXB/f0/tzjNdw6gVELzAjznzr0LPamFKWgG+7UhRNoIy9RfSAR11rtvDuaaJwMvJI2mqkRvSN91J2BAobb/TBmiYBNqy8YGw+oNGUzI86dPCHg3MplkBj9RFtqYKVPBA2Pt/PGVjsC488VIIjnNaeH7UQllKFk+G3G3qKaun+EnKsJSE9epQp1fpAvgAEV2/zwfCMKZbyrN+VIY/EofWkpmwi/U8zR/O5alhFNIEbfudlNHf61hwaA0hSj47yT5jIzQw5WZpGaOgYwoIEqM29+y/ywVICiAbVElNxWe5Lwd1EKgbJvpR/TQQkat2sFgWXgCyO/wBMCWFAqCCRNpBItTDboVCnIsZiJ9aL9K6B1NWVMxBK8JADaQhvTspINEe5H+uAvF7Kct+W3znTKDhwgZQAqdZvpeeugqLo/hTNx9ReRcm6RM4IdgLCqLG1nSbAA0/TFmlu90gKEH/lrfhVFpw4DiicyoTl5E/u9DV7qHhbqLzSMUPluWJCgWQN1ABFBuVJJ5N1tgDrjgUcqCeunXWba/igBaYyxppoTzvTR8NunZhDPJmIWgMnyx0KXdmJuzqJJu9uwrbD2RKYymbdL1Vx1a0gLM/iIpUPSZXPlzdKzaxIz2Mv5VTElhrYkq9kHjVWM5zDYgKUptQJO6psOW3tNVlJ1onkulugk8leqwl1KgSgSKt+w1tVe4OFFYPEkpztoVBm1ifpVswjWq69Cmi82CHLFoJV1BpssSUkoKRsbogBgaNG8FUxiHSl1yc4IFlbbG/DSq+GCKqp4dlEf5GVzeSmAC+ZHcwcfq1IxRd6u7OLOYfELcJcAWk3gwmD1EmpBA0tVjJ5GdcrNlp8pnsz5pDFxl4IxYojYynewNyMBXgH1PJdQAmNsxP0A+tWLs2Veq3hHpOYyuZjEHSsxGjyKJZZpQaWxZCLSg/XfGghl/MCty3AWnrrIoRy8KcviT0SfM/hjBEZPLZi1ShCAQAOebI/l9cMuBSkEIMGolQ/bSqPBuaKaZMvmHN2FGYQKuwFj83c7c12wiWsfm8K0gDzP/0wKMyWwD30npA+9QyfD92stkJix5P4iPf/APk/+bxCme0Cf9xMdP4owcwyTKUn1/mul8DzhdK5PMqADpAzgABo1sJaA96HviqcLi8wK1JItm8IkiRO2saTVVuM5SEgzzNR5bwZnVVQ2RlJHJHUSoJ5sAGhvvt3ONjEhh5xS+7F+IGmg9rUi2HEJCc1WYegdUjUBMm+y6BfUDsPYDgD6DbFnHe8WVkXNchBSkJm1af02FlhjVl0lUUFdV0QBYut64vAc1XikCOXOSorjPzxtI0gVVWPSNLMAN4iRx74y3+0Mrqh4QExa5N7X50Vtk5CdaCeHM/1jMQpL+M+b3CC9ErqwP5fLKABXHOIxXaIZWpBBtwA3SD6DejN4cLQFzryr6B+vaFZs4HLqx0jywUIWwGqI2T/AJY5XajeYgSII21vFqkYU7mrWam65UhSVwqq+lrj9TjQRp/L3saxvQ3523aVikIw7Th/5GDbmRSyG1l1adhEelcLJ10Fgcy5GqIAjytg7Wx/q/0psfrxfGFf9SRFv+7b+3+aP+nPH5vR74d9QzxzcsGcm80rAr1SbMXZSbVR2A2N4awmIS+krTp/FCdb7sgTR7xL4mfKyKgiLhqo2ANRNAHDKllJgJJqEtgiSqKWM54tz7yt5OiNAFtWCkgkb798Qltbp8BCdJm/Hh0plKsMyj+skqJJiDGkcetcN4m6iK/3iI70ajG3P89uPqMH/QYkic4HURw/NCOOwAP+2r139K5zHiXqSjUZo9O24jUnnfbnbn7YAnDYpTndyOu3+f4oyn8AGu8yq6Tcc6+XxJ1HTZzCA918pbG4Ffzwb9DiLDML8jQTi8CJ8CtY1H4qWDrvUvMiueNlaRQyiNbrXpYfQ1ZGKqwr6QVSCByirJxOBVCcqgTMSRE87U/dUzZjC1ds2kAC99z7fQ4qoE6UsKTpvEc8k8kUEzaxpKxhI/l0gsaf1ncneqxJVlAtM0ZpjOCtSoAtofxFQZnrecaLMyZfMtKYTGAghjckt8wOgbkb7DF23UkxlHqfzUOYZSIBURIJ09NRvRVpsykswlz6pEmlEZokBMrjYHaq3Gw3N84krSRATfqfzQ+6MBUzrOlq46dmcyPMGaz6x1mPIj0xRjUaBX5gd21DYYlbjcjKn3OtVS0599tONAur+MsxlzmYmzKtLG7LHcaixpQrYA3slh+2GGGEvKSQnw6HrQnyWk+JVyJHSn/wvm3myeWmkILyQo7EChqZQTt98LvoCHVJToCaIgyJpY6h1J1zEi/i5FUj0KNI9dkFRanYbdjzjPXjmEKKSq41sfxTKcK6oAga9PzST1Tx/mI5ZEHUIgFcrTKxYAf2qSr+2NFpeHUgKgmb70m4h9KiJFdTeMc4ryRt1KAPGVBrdfVVUfL35Fkcb4KFYXdJ9aFGINwoR85UQy/iDPnyNXUIanMnl0h9QiI8zfTtXb3xKV4bdJqCnEHRQ+eVU18a5q4x/ScH5iM62jfKuq79Ox9JodzQ747Nhv7TUhGI/uHoPxTN4Y8THNPCIs4s2hlE4ArUGRuAV41e3FVgCu78UDp639qKA54Z8/SpfHsWcOYT8PmXhTy9wo2sHck19RhF3DsumViT5/Y0YKI0pc8zNQqonz0srG3DK7J6eykAc2Dv9cZihhw6ttLM5SBqdwD6Xqq3skTOk6e3Wq5zmaLJpzk4UWG9Zo3Vb8iqP8cQThwP9odMxqA/PH0qx1ObMq5j/FyoVtSwldrNbN9KJBr9sDbew60BYZ/8j+aup3KYJqNM7mLjrMZg6+B5j7nUQe3244xcrw4Cv6Qt/wBx4TxqofmI35UQzPTs4sYy39Jacya/OJNn1E1p4Fihue2Fk9oYdxgrTh1QPmtOBhwiRpWk5CJ1ijV31MEAZvcgCz+53xvtFCkJUE6gUqSawYdFneQfmSsGMraBuEQSstruOOTxyMJOPtoU54QCDHUxvb0rWwZAQpZ2iB1n8U5+EHT8JHQH69ieG8xjv/zED9xjMxbbq3lKvqJgapypB9p9KkiECTfX1Ex70TyptVeqBA2u9OxBB255/gcS82tR7tKT4Z24qJHtFclWpPw/BRjMyr5SLffj+6W5/wD02f2vjB8S2tWAZgGffQmlWlAvKE3j7fmqKkHl6b5qsbAUAT7cH+eMlbDgQV5bC3O80yXAFZY2Pz3qDwnID1XMLQsZWIt7gl2JBx6LsYKbw5bUIIUr7AUji/8AcmaJ+OciHjLhQzgqACdiCaP+N/tjVLYUn580pFaymlrN9Ly0mYzSyaUUR5dleuLDKar3LL/DFUDI4Uo9vOnVKUrDpUoySVa34VTzOUi/EmJVGgEktuPVHLHCVFcA+oEc24PbdwYt5MJm8H0pT9I0pClqGhFuMz9IoXNJAMs0qEaxlJJSaLaXDLCtCxvrSU792+mCfqnSbnc9LXv7eVU/So1CaPZjpsS5hl0gKGQWljbzXUir+YBaJ4O2I/VOkC534VAw7Yk5ajXpsJzMAiYkfiFbULto1ihYHUWoKXeyoBvVtgKwt1PiJ9ef4FNMkMk5Uj0pk+JXVXghj0HSHZgWruFJA+lkc4SUMziRffTyqyUjulr3Am/WlrpOY0ZyHONliySIkb5lbVY2dANk4KkkXzV89sOsScOWs2hNtzBpRRheYDWPehuW6vJ0z8fChBzLyoYrXZgS2/t398EcRmQ0BwgmNL3/ADRwvOtxxemwnlA5xIotnur5TMyTpN5yxCVMxE6ofW0SjUm68ijYr39sLNJUJWnp7fIoz6+7AQSP23uP7p/FR9P+IOXrVIP63Ms7WtmNNACONqsFRtzziU4Z4GCki0+XXSeVS6popBSoGITrqdTzgEm/KazHq+ZqSRnk8wlidfd9/mr643MI421h0k24zrO9ZPaCXHMSdDpEaAbDyr9E+BmvpuSPF5aL/wBC4wnV94tS+JmnECEgVnHiXp6S5iULqEwl1agLpdZrYmqsEkWLr6VjzGIcUjELzftJPrA963GUktJyjUfekfxRkPKzTqaAkGsbcgk2P5/yw4zm7pBPD59K12nWg2VKgAC9v7TB9cyaGtkSFUuAVCgbc1po79963xfv5Jg3/n8Vjp7bwngQUeECLAA/tggcb3mjfUsysuSysFFGgEoJ29WsoRprvSm/88ScQfCBsZoLXamEWt3v0kJWEjQGI1O3tS7MliUgDSfSDXGygD+JOLJURlvp95r0a0tuoeWgDKuwNrCEgepNah8IenAGWYCrljXjvRv/AAH8cGwuYyVdPv8Aesrt3uk5EtgXlR9k/wD2mjvxPMjtHHGxjC1JK+qhpvQLr1EAksRX17YOVpSSJgn7VhsJlYJEj6nalzpXiSaLL+Rl42mkTWWdhY0hmNovOnSARqJNnisYvamHwuJeS44Y2tAzaRTzOFCE5lK30mfKTx47TNcSv1CYeYySFFUfMoQW139SBt97wo3+jYVkQoAztc20+XpkhhXhAvIje3DTodutX8geoQ5diqagzKQa1OL5qhRFgBr43OFH/wBG8+Ao3g8hbj9q5fcd9BBSP8xoNdD7GrHS/HyM+mdBGlm3H6QoFgiub1C/pxgzXYLecZlHLaefCPaqLwpyS0Z/OpPIDnrflXvSY1zudnY+gRKJAu4Y6WITUGJr0/2eb7cH0b+EbRh1stQkQdBastp9UAqT0nXnbhwrT4rIG3bE4aAyieA+lUVrX5B6xNJ+InoGjK/Y8ayeew+2HO7PCuD4Ai1EfC+W5dzKwQFjHG2mjyLthdkA0vsO+BLfU0RkieelHRgluoUrLYa/OVE831rOiFJhC3lu5XV6iNfdRvzXfvvh1fabil5QUgjaBpxv89qQT2dhWkgQVE8SbdPzR/IZuUgiQPFIK1q2xvT9+KO30ONrAPjENZlRIrz3a2HTh3v6ROUib6zpHOpZ5GYEFm9Qo7ncex+n0w/3aSIis1LqwqZo38F9P43NDSwcQrrZmJ1nWaO/02x5bFtlDpFexwrgcaBFPfiiWYOugx6aJ9QJNqCbPYcbfXC+oijFMms18TOz5htTWCE1BRQYKLAP2IBwk+4UKVl3THvWthXcO0wlbytFE6TqI9KXekZvMSyOGncoJnkIRyPzdVhttiQbN+/2wR/FLQCUm5AGgOgA9+FVwSGMQvKYIExqDG3lwkzVpMuUeRy8v5trayMSw31Ka3piS2k+998D/UYlaUqBG9oEXjbTailODbcW2uQAef2vvvRHLspGozZlmssVEr+o3f3s3q/74Ml50CVRPQdKVd/S54R+3/1UW8JvF5kQ1SAiQNoZiEVtkACgaSdAG/Bw5h1gtwYzQdqA6pClyjSB6wJ95pv+JeWglihjnk0DWWG5FkKRyAf7WEHy4kpKKvhwq+VM8aFZfr8QEGRS/LaIR69W/wAoQH350gk/2ge2HMI2rus6zeZP1/NZ+IzBRTpFKfip2bIZTNybyZSUwSuRfyNQLDvuoav/ALzBMQtaEKQ1aTOvzpTWC7ouEvCRlMW3P42603danCx+YkgLqHYNsQFZTqauK4r/AIh7Ywv9TJw6HBqSBHPQjyvRAwmYNqyEZLMBElTLTOJWARgtAk8Af9NsOvd9iDLirdfoK9Dh8Zguz0ZWEZlRe31V9tKYcz4BfyRJmHEMtiwi69I9jpFs1/pXYd2GOaCkm6pG1ZnaWLaxgBDYSrc8esa+c1tXg2N1yGVWTVrEEYbVzYUA3zv+/wDHDMzWSBFhQyXw2jM0ylg7sdX21Mf8zhJfZ7TqiVTfnTacc62AkRHSlPrCwyZXMxytlZpkUmEIV10pJA1EC2BvYH3wwcKUMkREaG+m1KO4rvPCFazv62rL4M4ssbIoOkMGersUCf8AE2frhKSyIVv9KUGZFlVXzmcaFUpH0FiVDEEi9wPvviQhLxIm4EVOULMTpW+dK6PD+DhjzEMCflqzkonqfQAWNiiQeSd8PoQkJAinQ68D+42tqdPxNB/CXWkR0yss6tmZMwzaBEEOlQQCdI02VUNZN0RiqXEmwFGcYdCc6jIHE3vsJO29NfiJofUs1FGXcH27/wDfHmO22cQ7i2/04JUBNtqlheS4N6Rcz0OCDy3iIdy/LWKHKmtS7Cwe+rBcOcQ8pxh9oiEgiI/BBze1FdxK1EErCQB/y35cZ+WFUZJfl8wSSLoYjSwBvkknzu+oH9h7YfdwpCVKbYCTaJMxAjSLnT0obbqxZT6ecDWIjjp7muSJdOmnUkD0i96OqlIl91Lft3vF1MIE5mdCTPAEHUZdtOZE1BW4pV30Rv4TrpOntBuRRHp3h6DMmRJB+YtVKm1g8jd2vcEX9LGMntLFv4dDbzbWVBkQdzNjoIttRGXnEGe8BVfQadRpzFEvDHQ/JzeaNaVACoo3tGpjuf7wrTfbC/aPbrruEQhqBIOaOI4eutBTh0hwuKMk/S1q0SMbD7Y9Rhf9hHQfShHWvylHLmpMxJoYlBMyncXux29ya7DDzmPWhOUq2qGOzmlLDhSIn+asz9NzEMjxOhjSWzdcAEb2LrtsSKJ3wiyW3VIuJtrp7/DWu48pCXIEpINk69Bx4bedaV4PmJyyp+IhjRdlWQAgngEWQbBG4+2MjtEJbfUAFG5uOE/ek0LzNpWQBIHrSP4y6nP+NknWjoUK7GhqAJWqJO+woA3z9ca/Zjq2EBSCQT568eNTisGh9vI4jwi+sehjWfI8Ks5HqiyheVJ+UNtq+q+4x6/BY9DwhUBXD8V4/tDslzDqzNAqREzGnX86Gm74N57zM7m1BBVYkHHfUcZnab+dzKNBWj2ax3bUnU0X+I2T1T6guphEAABvdt748+//ALmterwKwlg2kydhyrGs91SVVK6vWO55Y1v2/h98GDaSZrzikrddPe+dooXleoyI+pXMTsdWw9JvYGj2rvgim0nUU6ytbF0GtP6XkxKhYq6uRezbPQq171fcf64UnInlzpz+niHJKb7wflvSqU7wouVeIuBmGUKNZHK8nuaoA7+2G8Myc5S6QeU3HXyoOI/TlI7oX6n5rTB0TpsfnRyuX/rV9LNQJDhQSD6i1b879hh/uEJBKRsfpS1Hfixl5JBBGhNFJmKr8xKhCCANyBvde4wnvFdMVmGVgnGciPkyMVIsKaYBXR9i1AfLW/vixUUiQalKc5g6U29T6kMz07qMSQmEAo2llo2ygkke59zv98VIUlvOqrtIS5iEsp3MUGjzEU6Mnn6Y5oI4jqU6Y5otzG3b186QbIGM1rsw942pKpAUpV/+4fWofxKms7a0+IWtvBNxy41PmPiXE0bxOZsrKhABjVTuOy2PSv3rnD5bIvV23QTypcy3jXOyofNzbBPMoFkQ6hXBBFb4GkDvAnlTrzJGCL6U/wDOBqPDG3net98DsT0/Jk1Zy8d6aq9A4rb+G2GKyxWeeMut9RMjwRArEuplEaNrdVJs6iKIHsvHe8WS2lRGZUDf8VRxakjwC/53pIycalVEqFHVxsw0EgkEgktYNcAL3s4MtaStSUGZF+XGqoYWltKnQABpz4VTzcCxz6I1AjkvUNVspIJq/tjHxDcE6kiI4R+aq42r9xB4i21fQZfzJUjZQYwFJ3pr7AHgcDtiuGbzK1Mn6fmqNJOt/Tb7UxdWeSGBTEZaAqTzXEm57g6bGw+gGxq7t9GFBUTflB18jb0vWhicasgZlAnoLT810o14J6h5mZyzNl4tTsQJhr1EhWs90F1Vbe2LHDpQqa4Y51xru8xy8NqPfETN1PoNhfKDNRAv1ad9SnYE3X/TFFATUIXl/wCM+ZH0pUGdlk8pVXzIxsxZA2hWf30gKtC+O+KgpUYBNuBP2+lXfw64C1ogHSbk8TBvHOqvTc40mXRjGhkKE+mJBQBrcEbCqH1xdLFzEj/1H80mpSBEgHynzoL1fqj+ZEH0pd6WpQpIIG9CjWw3xCGiV5Uqy+Z5zvzPrTAVh0MkqTmMcBpb8D0q5H4gzKSeh449K0CIVH34H784XxLbagUOpzXuDJvpNz/NN4XBB1QKSEgiQeR9K+l8c5/ziFzI8oBTsi2fSC29f8XfC57NwQH+yn0qEMqVMq6fOn2re+mzFoY2v5kU8e4Bw+lISkJAsKTIINflvo3XBl81KSiuBKzgMf1Kxr/E451rPoYo7TkIUjz/AIpv8deLI86uXzFmNEsFa3axuNPtXJ+m2GmsMgqzO2H1jh+aQW+4nwtAE+wpa6fPmNErZNj5TMBJq9RUnYUNyOPmHuB7YVxaGi6VEcxWrhGXVtJE3Mzvp/HwxXjdJeCeNs0/5OtdcmnUws2TuCTycBDwWk5NeFNPYV5hOaQQN43rTZegZBU15bLmifmktRXBtm3u/Vv33GMlWJf726oiDxMg7AdPOkhBScwmdf5r34O+HXyeczKs4kDwoQw99RsE8Ej6Y2MNjE4kE6Gl1tZIFX/iS+afNxwZYodURLoVs1vuSTpAPA7k/wARR4NhWZfKmGHFhOVNL3R8lCGjTNxCOeMFozJX5igaedwSvFX3B74CpSr5Db6UwmD+8XFBPiPFk5oEkhZNcUgj/LFgggEqGqjpBDe3Iwy0y40ogmR9KWedQ4mQINcdO69mDJE4iV/JTy9Ma6bRFvc7gADvhw4ZotJeVJEweuvzjSiHHEulA1iaJZzo/wCFljkZ4RmJG0wovmSqqubOhOx3IvYAVQs7ZeE7SDz5W0khN5mBfmftRS3AAo34Qzmtl85VMyypGKSigDAckncAWeKON5LmdBVVCnLY03+NnRc305jdtJJF9AsiUSf3CD98JSAKoZzAdaS5OnZpOoedCAYJsuyT+obPGHXf/mG33wJ51pKoWeHvUtkxXs8Tp03qE703mQwsDvdgaSDfcEVhp9SFpyJ0/NVwqlNLS5uDPmDST0jMMhkKl/LdgWMbUbU2CvqUH1D3G2KYLBvuteBUEGNiD6j8U5/1Di8McSlYEhQzDz100qjnM8uZk1TxnWpbzGf9RsBBzdhVA5+gwxhGmw6pD5k7yYvpYCwrNdDyGQ6yPCCIgSOMHrzq5Fko5XNANpUlYiQCWB7EnTx2IJHYXimIwjODHeJJIUQOMTp5TvTb3bWL7QSlp0AZeFgeZGxG21foHwUQen5OhQ/Dx7C9vQNt99uN8AqidBWdeKGEuYKu4WMa42Ek66b13qChWdT2NUeADhdZKiQOnH7VoMPMt5SVG17DU8Ndo10vpSB1DOtNPJLMwPlkotG1VVsem9ytUQTh7DANjMNaKGBjgS7ZoEkDckwSSfsI/IrrDsrFbKMwVhdgsG3Bv64B+pSuSi4kiaZcUkIKGlRAAGt/P2vVnwxkZ2YBFZnG53vtySe3asUdxzLIlxVEbw6yxL4MHWSZ/NaH0aFlKfiogYyxDrYN9q037n5f+2AOdq4VXhBmeVgKy3MEEqKkKt0v0/n2p+yuYgjMGUy5UgHVQ/SLJ7bWSf8AHF2loslJnegllfdl0iBp50o/FbLTSZqONJVjjKer0aje+naxY5784svKpQSa7DvrYVnRrcUtZORky75aKZ21q1M5rcjkUo1VsPb6+12wEHw1R9a3/wDdM/iqWWzQRJlmXU6FRG+rSGY3RC6rII3PNbivcrzxIncUHA4FJXkOijAjXppqa4l6BC8QfOu8SpbcEuwb1ABABQ+pIwuXXVjwiPKfb81pIw2GZV4lE8iYSOpuTHAVV6kY0cplyVVSKLcgCjqPAsH2JojAlpKIVJvz1imMO6nEJKChIg24ZSL6mZkH2obLmm9ASSNYjKiCO7d1N2w2rTtXPcYbEtoyDe55n5pWU853zmfhYch+eNfpjpY/Ji/4F/wGImqzX5q6B4NkzU8ppfnag50jdjV/6YM46xg0hx/fQfc8BSpLrxyM7an7dafYvg5A665847SH/wBmoCj7A3tjExHbrajmn6/im2sNkGUCgreAzkpW0Zj8oadTONiN9gg9TvdVpHfHJx7eJACRc9frpT2FUvDqzzQfxRnJFVopCY5CRoDLRI1EA9xuBwdxuDg7DaQZSLVrPY4OYYozQowIj1vfX2ov1Pr+ZzGXEM86QRlakIUHXt331AXzxzhZvCMtOd4hMnblQk4GGsyyBxnhy4U3fBvrEss2YhkKv5SKRIABqDMavSANqw6wyErLgtI051lYxoNL7sGY34io/ibFm4c+mbywaRTEsUkYNE2zaeBxbc9v44aUlsJC3YibSYpZCiNKE+L/AA3mc5GixyqnlnWFO/qIo+scD7DnfHLeYWoFMcNRXSoCKSvFmXbLR5WDWDNu0isAKYAJd6qI22JG/P0DC1l0jNGkcPWgpTkFqJeE+jZrM5TMpA6OXoEAkFfTZUvVC/l0AkHnjfCWLxeHwwBcVE6AX87WAoyBrAvxqrlepT5qWB51ew5SMaSgZ1G3qAC2ld6O3fBuz8PhmlKTn1i2sj8GqYhZMd2m/XSnPwtl2gzDGZ3dpZl0IG1kFmXUW9hxZOHFpbQpWXQ1yFLKf6kZtzxo58ZInMuQKo7AO+oqCQoDRPqNcUEJ+14RKM4y1RRCb8K8frRjikly8cMiORWmZE9J3tVO1sxJ3q7xmY5ptbgRJAGlidK7DZoJOppN6z4hlky2eZ3IR54oooGPBYmRgaPsPtvh9lICBF9KlQJBoerwpksqAEDyaizL3J3Ck+4Ar37Y2eysQBmSbTp5Vm9oMFUKSNNehoXk2DTKQqlp3/LIIOk/Juo3VrGxIBA3FHfCbryXMU4QLzHLTY784rQCVtYNtsq8IlR2vJ14wPK9Hsx4PJeOF2EcqlQZXDAGySVjb5CwG3ufvZwohuHykqgcNJ4kcvzQzif6WcCY9uE1uvhvJCHKQQhtQjiRNR76VAvBVCFEUVtWZAVxrCPFskZzWYXSxbz2tqPO9KP+mKkZSFlRjhtyPWaewruHBLboAB336HgOlLuXyj5ljHGh7ltPOkbb/S++2BvPBhBWtViRv9KcaCQpSFOQDMReIEAb2PGiHihZljWORAzQAU9FvSVsLq4NVYP0GM1rulPFxpXhX/gmKPhCltgqWoZ07HczIg/SqvTc/LD+ZBJRZR5hVSaJ2G5FA8bjEOsocORwWm3ydK1nO7eb1iYJ5q0t7TXX9JZgFkJljJYlh3s+q999RO9/ve2DIawyhKgCIselhp6VlKQwhPeSQAYubE+s5uO1HvhzO56llwT8ztqvnVoYn6+xwzh2wgqSQJt6UPtV0PMtvNftJINoE6m3uKaPixHedjJX0CH1NfFtsCAb333+hwVYO1ZDeWbilOLMAAxMbVTakeloyFsMCNq+3vRHOKBKgQBrRFLTBnSpOlZoHVMrws67+UzGrF+vQ1Anex99/bDDqmXFAq/ilcN+qwyVNNAFSvUDcCDAkG/SJoV1DMzOJnVnkZlYsRqdi32BI0jbtQJA5BwcKQ2nwkX9TSC0vvuAvA2PCEgcuB4RrrvX3UZAqursokC6lbTY1aQaog7nbbEMuIW0pCtRcfanH2locQ4kWVr10M9OB2NfZzpqK8bamQvpKqqgAFFUkE9lO5IHJ3wtm2mixX6M6YPyYv8AgX/AYmur8op4jlilnXUSkjuGBvbUaJFEeoACjfbFMQ2HlZlfuH2ojC+5EJ0olmPHWeJX/eSY1IpVAW1HYgbixzRwoOzsOP8AjfnemC6s+IG3LWnPo3xTyqkO+TBlVaDDc7bgWxvk4XTgXmjKFCOf4EVZbjbgiSPelTxx19c/rlb0lW2QACgTsPc7knV3J4rGggOBUq3qSGe6IE29/wCKh8NfD/M5yEzRKEXT6Qz7vuQSPTsLsC+SDgGJx7eHVlX5kDTrel0hJ0Eef8U7/wD0eXBnzgC6dMaCjz8zXe2HAKo6oKNhEU5+PvEH4WWghkd0FKGrYE8mj/h2wl2nhUYhpGZUQTtO3UUzg2FOTEW40o/7fykkDKgAjY+bf8vLFj9+2Mlvs5ptaV59DP7f/wAqbOCcMplPr/FD+sZ3KZtQc0rII2Gp02ZAfrvseOMekSvvEymsx5ksryqg9KL9K61+Fy7QZSIImXlqUsyl2UgHWOLLWDqqgK+2POP4FC8Xmxiic2kW30B4R51fNbwiinS+rwnL+U4NuGeMsh2O5JJI5B7jnBe08CpvFoxOF/b4ZHCCBHmPoahC5HiodFmVyzQEgHzJ4lax6w7OqsSe/vj0JXn8VAjamv4kdVlifKxRprEpkLUtkBdFUeN9WnSQbvaqwNZOUgGKGtIVE0ndC6FEYGd0cPK8kaRlSVUCwdSjuQDuTtdA4zsQ+sLSB+2xPPlXNzlUTrQPoOQyTJEJ5JvNaUaAlHbSwQCwyggHVZsi96rGo3HvFUWsxO0SaoeJPJaGLJrltJjk0gKTq1AkEXvd7nk++FszqnS2LAfJ/FMJUjJ3n8Wo54b6JJlpEkkjX8sbxnhNV6GU1u4oCgRVnfBY/SypRknbSh9q9qDHJSlKAhKBAi86W/mjGe6nLnFMWWkEE6klkfhkBG4I3H3HbV3ogn6uR/UATz18hb1rNZZAMpBUPnlWl+F8mYcpl4idRjiRSd96UC99/wCOIkG4rTT+0SIrAvEMmnqOcLXfmsE27e919xXbCWOKlJCNqgsOvnI0kqNUek9U0mQKsYZlrW5+S+aW97Hc/wA8D/QKfy5lQkX61sPHDYZIbE50iDwn5qfapoOpFYDlCCVMoBNgbH1Haqretjtii8K2rGBfAR9vryoowK/0BdCvFrG0Zc3097VN0nIRy5tUDspFM6JwwU+m1utjR/jg2OQ3h8OpQJJ2naeetZjDinFhMUU8eSBM2rlqJQAD2UXv+5b+Axh9nArw5SBvPn8FNY3B982twG6RP59veoPh3CR1WAjUyFm3P6fQ231/649Hh5UkqUL1njFuuMpZVoKdviVlLzkcgb1CLToHNEkk3wOO9jY+2JUshQBGtXSBE0pjw2zljLqhQ1XAYk2dgbCqBuTuPYHYAOKW6hvMkT85fx1FFYUAvWBB+deG3Gh0fSLWQZYM8ce7Pe6gdztZB3oc7XgXeWSXSATtx+W5Uy080hJDSTPE7c43tR/yYcsQkczSakRzKqbpHJRVgAdNb97OxO3ODoaUlJXAnYDTpzP050q9iFukBRJHP8Vwcx55ZEEInEnlo0w0lwCLYC7Bo2OxFYXViy2EqWk3EmNv421sap3c2Bon1/JIkKZeUo8+Vh851C7SDdfMUgg6he/vYvjcCmnGld8TGYxrMSbTsRNuVXKwo5QPm/StP6b/AFMe/wChf8B9MbAyxS8GsgyHhiF4YHXJQSa4wWZuWY8n5hveLV21U/iJ4Zy0OSnkTKRRlTGEkVhe9Xte3fEV1ZUHg8utLGQ974/a6rFIXM05OG7vQ5vnlXHR8i080cKmixq/YDcn9gCf2xYmBNJ1+kPBOcywyixQOw/JWTVRJCElBZPLekiu1AVQF+bxMFSy4N49Lx0vTKUqsBQ74VxBc/nVChajT0g/KGdyqn+8Fq/qcbGBUVNyTPy/lNUfsQOFVPiR0iPMdQcvNIhTLxUENctLZ9jx2Iw4UhWtUQ4tH7TFCcn4Hy0qwOmblCSWH/OF2CAdIrajd39MV7tHAVf9Q7/cazqfo+ZeWWJCWQSMupj7EgXQJ4xZMbUIrKrmmmLpc8jI80uX9ChL8wNaL2skUAeOaw5glIZUStRg2IiZH0pXEIU4ISLjcmINSy+MXycPl5fMNIwULYKlAO2wFH998LKCQYTptOsUcSRfX70r9I6/NmM/l/MYU+cjkKjYai62QMQTNWr9AfEeZYxBI5AFshBJFhynccUVBvtiq0qLZynhQXF+NKeP2rOc/wBIaLWyZjzkkmV2krzHWqb1OzopTkfw5wkSpKkkxI22+mtNraTkMKr3omRyrTF7jVQpMhegL1bBt6BIobHatucPhxKNaz1KK/COk+VWc/lMvkI2zcK/iNJ1rbelVYgahpNsBYPqu7J7bYqsSteN7lRyjS0zOoExuPxWh3f/AOmBNzO/4qmerZ6aNWYKgYNUAgZlddGsAsK02v12++2NAYRsCBrx3pYozamhOfSfKo0+VfyxywWJhqB7+YxJ2qgorBkIi5vVXGQtOWSOlq3bwRMX6dk3Y2zZeNiT3JQEn+OL0VIgRWF+JkVs/mhTE+a12RV39+MT3KFEKIvTKO0MQ02WkKhNDTHFuvl+r6KK+5P88GgCwFJKUokkmqOby4oooatqIG11fv8AXCTiFd9mSLV6DDPN/oCy6u5nLyGkHkb0Z8P5cZaaOddRKims7G/c3txgmNwgxLBamJ9qw2ni2vNXufmEspmIPNDe6Fk8k784rhMGjDoCZk8aOvFPLQUiQk0U+H019TywEY0h29ZIu9Dcf4YaWZFKgXmn74hA+aCHVDpA1Eb0SbAJIA++/avoITtVlQaVYKZS6rKyoSEXW24YUxZhYFg2B9efcCl+KAZ/PzajttZrqIFFemZcLGFiqFmVjKzD5NGkpY/VZY8+2E8UFIKVpJ+cJFtPWKOkJGZMza3nvQ3LZtZZXmaeCNliEDAnSpqyoNClBNJsD9sNYYry+Iz14cKVXBMgVLJk29JeNWnUFA8aeYojFkKLQd2NmhxXbGRjjkeKZhJExMSdzMjgBHnvTDJtcCqzyMcwZMvERIgALu5BGrdhZB/sn0nayvFb6WASThQh0Ai40tFKOp8dta2DIyMY0JG5UE2PphsISBAFTKqVJfDeT1EfhMvyf/BT3P8Adxaur4+GskSB+Dy1Xx5KV/6cdXV0/hTIf+45X/yE/wDhx1dXi+Gcku65PLKaO4hQHgj+ziDXCiH9EZdGASCJQIgtLGo9Nk1sOLJ2+pwItIULpBvw5UZtRBsat9A6ZDE8rxwxxs59TIgUtueSBZ/fBEABCQKEdageMHPT2B/URdv70uL1FQZnKR/kflpy36R/aXEV1Zd4gy6R5w+WipbMToAFnW3NYq3oa41NNGHhmDgMLbZhfYe+CV1IKZZLrQtEewxU611WugZZBm8qQig/iIeAP/aLjq6t4+IsCucqrqrKZeGAI/T2OKO/7SqXWP67f/q+lcp0uAZLMIIYwlP6Qi1x7VWMvMS4mTwpuAJrLfGPT4Y8yqRxRop8slVQAXTb0BWNJoykedBH7qI5lB/Q0mw5Rf2LJY+30xmuoT/qbdv+M+yqZST3B60F8AnXmlR/UoRqVtwKFDY7cbY03jCaBQXrbnzZks6NbDT2rUe3GLI0qa/RfgMf/VmR/wDysP8A/WuLV1C+o+HMm8rO+Uy7szEszQoST9SRZx01FR/7NZIA/wC6Zf8A8lP/AIcWzGuIFep4dye4/CZft/4Se32xBUa4C1TxeHsnYH4XL/8AlJ/pjpNRFEP6Cyv/ALtB/wCUv+mI3qStQtNd5XouWjdXTLwowOzLGoI57gXiTXbUjfF9Rri2/Ug/bUccKg60u9Ilb8HKLPOY7/2VSv4dvbGWoD9afL6mmf8A5XlTH0xQc9mAQCPVt/yN/oP4YYx/+wfL60Nr/cqDo8a80LCORtwfSLH1okX9cEY/ZVTQvomakbMyBnYj8TW7E7aePt9MRiUJVhllQmJj0qzf7h83oXOLjlv2/wBcXTYCOVUV+41u3TFHkxbD5F/wGC11f//Z'),
(6, 'Dictionary / Encyclopedia', ''),
(7, 'Documentary', ''),
(8, 'Roman', ''),
(9, 'Revue', ''),
(10, 'Nouvelle', ''),
(11, 'Recueil', ''),
(12, 'Poetry', ''),
(13, 'Scholl manuals', ''),
(14, 'Ebook', ''),
(15, 'Essay', ''),
(16, 'Health / Well-being', ''),
(17, 'Young adults', ''),
(18, 'Theatre', ''),
(19, 'Practical books', ''),
(20, 'Children\'s books', ''),
(21, 'Music Art Cinema', ''),
(22, 'Audio Book', '');

-- --------------------------------------------------------

--
-- Structure de la table `category_genre`
--

DROP TABLE IF EXISTS `category_genre`;
CREATE TABLE IF NOT EXISTS `category_genre` (
  `category_id` int(11) NOT NULL,
  `genre_id` int(11) NOT NULL,
  PRIMARY KEY (`category_id`,`genre_id`),
  KEY `IDX_6B637CB112469DE2` (`category_id`),
  KEY `IDX_6B637CB14296D31F` (`genre_id`)
) ENGINE=InnoDB DEFAULT CHARSET=utf8 COLLATE=utf8_unicode_ci;

-- --------------------------------------------------------

--
-- Structure de la table `category_to_genre`
--

DROP TABLE IF EXISTS `category_to_genre`;
CREATE TABLE IF NOT EXISTS `category_to_genre` (
  `category_id` int(11) NOT NULL,
  `genre_id` int(11) NOT NULL,
  PRIMARY KEY (`category_id`,`genre_id`),
  UNIQUE KEY `UNIQ_3F1686B34296D31F` (`genre_id`),
  KEY `IDX_3F1686B312469DE2` (`category_id`)
) ENGINE=InnoDB DEFAULT CHARSET=utf8 COLLATE=utf8_unicode_ci;

-- --------------------------------------------------------

--
-- Structure de la table `characteristics`
--

DROP TABLE IF EXISTS `characteristics`;
CREATE TABLE IF NOT EXISTS `characteristics` (
  `id` int(11) NOT NULL AUTO_INCREMENT,
  `author_id` int(11) DEFAULT NULL,
  `editor_id` int(11) DEFAULT NULL,
  `article_id` int(11) DEFAULT NULL,
  `name` varchar(255) COLLATE utf8_unicode_ci NOT NULL,
  `synopsis` longtext COLLATE utf8_unicode_ci NOT NULL,
  `releaseDate` datetime NOT NULL,
  `volume` int(11) DEFAULT NULL,
  `format` varchar(255) COLLATE utf8_unicode_ci NOT NULL,
  `articleCondition` varchar(255) COLLATE utf8_unicode_ci NOT NULL,
  PRIMARY KEY (`id`),
  UNIQUE KEY `UNIQ_7037B1567294869C` (`article_id`),
  KEY `IDX_7037B156F675F31B` (`author_id`),
  KEY `IDX_7037B1566995AC4C` (`editor_id`)
) ENGINE=InnoDB DEFAULT CHARSET=utf8 COLLATE=utf8_unicode_ci;

-- --------------------------------------------------------

--
-- Structure de la table `comments`
--

DROP TABLE IF EXISTS `comments`;
CREATE TABLE IF NOT EXISTS `comments` (
  `id` int(11) NOT NULL AUTO_INCREMENT,
  `user_id` int(11) DEFAULT NULL,
  `rating_id` int(11) DEFAULT NULL,
  `commentText` longtext COLLATE utf8_unicode_ci NOT NULL,
  `isAnswerTo` int(11) DEFAULT NULL,
  PRIMARY KEY (`id`),
  KEY `IDX_5F9E962AA76ED395` (`user_id`),
  KEY `IDX_5F9E962AA32EFC6` (`rating_id`)
) ENGINE=InnoDB DEFAULT CHARSET=utf8 COLLATE=utf8_unicode_ci;

-- --------------------------------------------------------

--
-- Structure de la table `editor`
--

DROP TABLE IF EXISTS `editor`;
CREATE TABLE IF NOT EXISTS `editor` (
  `id` int(11) NOT NULL AUTO_INCREMENT,
  `name` varchar(255) COLLATE utf8_unicode_ci NOT NULL,
  PRIMARY KEY (`id`)
) ENGINE=InnoDB DEFAULT CHARSET=utf8 COLLATE=utf8_unicode_ci;

-- --------------------------------------------------------

--
-- Structure de la table `favs`
--

DROP TABLE IF EXISTS `favs`;
CREATE TABLE IF NOT EXISTS `favs` (
  `id` int(11) NOT NULL AUTO_INCREMENT,
  `user_id` int(11) DEFAULT NULL,
  PRIMARY KEY (`id`),
  UNIQUE KEY `UNIQ_C6752822A76ED395` (`user_id`)
) ENGINE=InnoDB DEFAULT CHARSET=utf8 COLLATE=utf8_unicode_ci;

-- --------------------------------------------------------

--
-- Structure de la table `genre`
--

DROP TABLE IF EXISTS `genre`;
CREATE TABLE IF NOT EXISTS `genre` (
  `id` int(11) NOT NULL AUTO_INCREMENT,
  `name` varchar(255) COLLATE utf8_unicode_ci NOT NULL,
  PRIMARY KEY (`id`)
) ENGINE=InnoDB AUTO_INCREMENT=54 DEFAULT CHARSET=utf8 COLLATE=utf8_unicode_ci;

--
-- Déchargement des données de la table `genre`
--

INSERT INTO `genre` (`id`, `name`) VALUES
(2, 'Comedy'),
(4, 'Vintage'),
(6, 'Thriller'),
(7, 'Polar'),
(8, 'Horror'),
(9, 'Romance'),
(10, 'Historic'),
(11, 'Partition'),
(12, 'Artbook'),
(13, 'Religion'),
(14, 'Science'),
(15, 'Psychology'),
(16, 'Social science'),
(17, 'Astronomie'),
(18, 'Geography'),
(19, 'Tourism'),
(20, 'Erotica'),
(21, 'Food'),
(22, 'Tragedy'),
(23, 'Sport'),
(24, 'Tragicomedy'),
(26, 'Biography'),
(27, 'Computer Science'),
(28, 'Philosophy'),
(29, 'Hobby'),
(30, 'Law'),
(31, 'Animals'),
(33, 'Shonen'),
(34, 'Shojo'),
(35, 'Yaoï'),
(36, 'Seinen'),
(37, 'Yuri'),
(38, 'Josei'),
(39, 'Doujinshi'),
(40, 'Hentaï'),
(42, 'Seijin'),
(43, 'Gekiga'),
(45, 'Mecha'),
(46, 'Nekketsu'),
(47, 'Magical Girl'),
(48, 'Isekai'),
(49, 'Adventure'),
(50, 'Fiction'),
(51, 'Fantasy'),
(52, 'Science-Fiction'),
(53, 'Culture');

-- --------------------------------------------------------

--
-- Structure de la table `image`
--

DROP TABLE IF EXISTS `image`;
CREATE TABLE IF NOT EXISTS `image` (
  `id` int(11) NOT NULL AUTO_INCREMENT,
  `link` longtext COLLATE utf8_unicode_ci,
  PRIMARY KEY (`id`)
) ENGINE=InnoDB AUTO_INCREMENT=40 DEFAULT CHARSET=utf8 COLLATE=utf8_unicode_ci;

--
-- Déchargement des données de la table `image`
--

INSERT INTO `image` (`id`, `link`) VALUES
(9, 'https://decitre.di-static.com/img/200x303/hachette-spirale-tome-1/9782845802025FS.gif'),
(10, 'https://www.actes-sud.fr/sites/default/files/couv_jpg/9782330096137.jpg'),
(11, 'https://images-na.ssl-images-amazon.com/images/I/51MvKyGqcnL._SX359_BO1,204,203,200_.jpg'),
(12, 'https://static.fnac-static.com/multimedia/Images/FR/NR/aa/b2/8d/9286314/1540-1/tsp20180515154500/Les-lecons-du-pouvoir.jpg'),
(13, 'https://media.cultura.com/media/catalog/product/cache/1/image/1000x1000/9df78eab33525d08d6e5fb8d27136e95/l/-/l-organiseur-mon-p-tit-cahier-my-family-is-happy-9782263156021_0.jpg?t=1530272329'),
(14, 'https://media.cultura.com/media/catalog/product/cache/1/image/1000x1000/9df78eab33525d08d6e5fb8d27136e95/l/e/le-kamasutra-revu-et-corrige-par-les-filles-9782290076774_0.jpg?t=1509881523'),
(15, 'https://images-na.ssl-images-amazon.com/images/I/8102xDy0gCL.jpg'),
(16, 'https://media.cultura.com/media/catalog/product/cache/1/image/1000x1000/9df78eab33525d08d6e5fb8d27136e95/l/e/les-aventures-de-sherlock-holmes-tome-1-9782253139591_0.jpg?t=1509756457'),
(17, 'https://www.hachette.fr/sites/default/files/styles/echelle_458x718/public/images/livres/couv/9782702446560-001-T.jpeg?itok=xxWM2Jgu'),
(18, 'https://images-eu.ssl-images-amazon.com/images/I/41Ws1V5MR-L.jpg'),
(19, 'https://static.fnac-static.com/multimedia/Images/FR/NR/3e/6c/1b/1797182/1507-1/tsp20161110163248/D-un-monde-a-l-autre.jpg'),
(20, 'http://www.glenatbd.com/images/albums/9782344011843/9782344011843-L.jpg'),
(21, 'https://www.bedetheque.com/media/Couvertures/Couv_338028.jpg'),
(22, 'https://images-na.ssl-images-amazon.com/images/I/71wSBEXQ0ZL.jpg'),
(23, 'http://www.la-librairie-vuibert.com/wp-content/uploads/couv/9782311101539-g-960x1474.jpg'),
(24, 'https://e-leclerc.scene7.com/is/image/gtinternet/Electre_978-2-01-701501-7_9782017015017?op_sharpen=1&resmode=bilin&wid=600&hei=600'),
(25, 'https://collegien.lerobert.com/images/books/5afd9ed086753.jpeg'),
(26, 'http://webservice_livre.tmic-ellipses.com/couverture/9782359903614.jpg'),
(27, 'https://static.fnac-static.com/multimedia/Images/FR/NR/04/d6/16/1496580/1540-1/tsp20160527124435/Guide-anatomie-et-physiologie-pour-les-AS-et-AP.jpg'),
(28, 'https://www.bedetheque.com/media/Couvertures/Couv_281778.jpg'),
(29, 'https://www.bedetheque.com/media/Couvertures/DragonBallEditionDeLuxe42_15092008_214209.jpg'),
(30, 'https://www.bedetheque.com/media/Couvertures/Couv_194153.jpg'),
(31, 'http://www.culturewok.com/content/covers/660655d0d7b827e9ba759633663a1fb5.jpg'),
(32, 'https://images-na.ssl-images-amazon.com/images/I/61%2BfQk0L9XL._SX332_BO1,204,203,200_.jpg'),
(33, 'https://www.originalcomics.fr/12212/marvel-legacy-spider-man-n3-vf.jpg'),
(34, 'https://images-na.ssl-images-amazon.com/images/I/51LmkD4dkjL._SX335_BO1,204,203,200_.jpg'),
(35, 'https://images-na.ssl-images-amazon.com/images/I/51Q1pMwddwL._SX344_BO1,204,203,200_.jpg'),
(36, 'https://media.cultura.com/media/catalog/product/cache/1/image/1000x1000/9df78eab33525d08d6e5fb8d27136e95/e/r/eragon-9782747033343_4.jpg?t=1509539068'),
(37, 'https://images-na.ssl-images-amazon.com/images/I/A123fAIOGPL.jpg'),
(38, 'https://images-na.ssl-images-amazon.com/images/I/517xeNp0l5L._SX369_BO1,204,203,200_.jpg'),
(39, 'https://www.lecanardenchaine.fr/wp-content/uploads/2018/08/uhzejsfizuhe2341.png');

-- --------------------------------------------------------

--
-- Structure de la table `rating`
--

DROP TABLE IF EXISTS `rating`;
CREATE TABLE IF NOT EXISTS `rating` (
  `id` int(11) NOT NULL AUTO_INCREMENT,
  `user_id` int(11) DEFAULT NULL,
  `rating` int(11) DEFAULT NULL,
  `article_id` int(11) DEFAULT NULL,
  PRIMARY KEY (`id`),
  UNIQUE KEY `UNIQ_D88926227294869C` (`article_id`),
  KEY `IDX_D8892622A76ED395` (`user_id`)
) ENGINE=InnoDB DEFAULT CHARSET=utf8 COLLATE=utf8_unicode_ci;

-- --------------------------------------------------------

--
-- Structure de la table `supplier`
--

DROP TABLE IF EXISTS `supplier`;
CREATE TABLE IF NOT EXISTS `supplier` (
  `id` int(11) NOT NULL AUTO_INCREMENT,
  `admin_id` int(11) DEFAULT NULL,
  `order_id` int(11) DEFAULT NULL,
  `name` varchar(255) COLLATE utf8_unicode_ci NOT NULL,
  `adress` varchar(255) COLLATE utf8_unicode_ci NOT NULL,
  `quantity` longtext COLLATE utf8_unicode_ci NOT NULL COMMENT '(DC2Type:array)',
  `mail` varchar(255) COLLATE utf8_unicode_ci NOT NULL,
  PRIMARY KEY (`id`),
  KEY `IDX_9B2A6C7E642B8210` (`admin_id`),
  KEY `IDX_9B2A6C7E8D9F6D38` (`order_id`)
) ENGINE=InnoDB DEFAULT CHARSET=utf8 COLLATE=utf8_unicode_ci;

-- --------------------------------------------------------

--
-- Structure de la table `supplier_order`
--

DROP TABLE IF EXISTS `supplier_order`;
CREATE TABLE IF NOT EXISTS `supplier_order` (
  `id` int(11) NOT NULL AUTO_INCREMENT,
  `supplier_order_pending_id` int(11) DEFAULT NULL,
  `supplier_order_complete_id` int(11) DEFAULT NULL,
  `quantity` longtext COLLATE utf8_unicode_ci NOT NULL COMMENT '(DC2Type:array)',
  `payment` tinyint(1) NOT NULL,
  `price` double NOT NULL,
  PRIMARY KEY (`id`),
  KEY `IDX_2C3291B26B7CFCFC` (`supplier_order_pending_id`),
  KEY `IDX_2C3291B2D896748C` (`supplier_order_complete_id`)
) ENGINE=InnoDB DEFAULT CHARSET=utf8 COLLATE=utf8_unicode_ci;

-- --------------------------------------------------------

--
-- Structure de la table `user`
--

DROP TABLE IF EXISTS `user`;
CREATE TABLE IF NOT EXISTS `user` (
  `id` int(11) NOT NULL AUTO_INCREMENT,
  `username` varchar(180) COLLATE utf8_unicode_ci NOT NULL,
  `username_canonical` varchar(180) COLLATE utf8_unicode_ci NOT NULL,
  `email` varchar(180) COLLATE utf8_unicode_ci NOT NULL,
  `email_canonical` varchar(180) COLLATE utf8_unicode_ci NOT NULL,
  `enabled` tinyint(1) NOT NULL,
  `salt` varchar(255) COLLATE utf8_unicode_ci DEFAULT NULL,
  `password` varchar(255) COLLATE utf8_unicode_ci NOT NULL,
  `last_login` datetime DEFAULT NULL,
  `confirmation_token` varchar(180) COLLATE utf8_unicode_ci DEFAULT NULL,
  `password_requested_at` datetime DEFAULT NULL,
  `roles` longtext COLLATE utf8_unicode_ci NOT NULL COMMENT '(DC2Type:array)',
  PRIMARY KEY (`id`),
  UNIQUE KEY `UNIQ_8D93D64992FC23A8` (`username_canonical`),
  UNIQUE KEY `UNIQ_8D93D649A0D96FBF` (`email_canonical`),
  UNIQUE KEY `UNIQ_8D93D649C05FB297` (`confirmation_token`)
) ENGINE=InnoDB AUTO_INCREMENT=2 DEFAULT CHARSET=utf8 COLLATE=utf8_unicode_ci;

--
-- Déchargement des données de la table `user`
--

INSERT INTO `user` (`id`, `username`, `username_canonical`, `email`, `email_canonical`, `enabled`, `salt`, `password`, `last_login`, `confirmation_token`, `password_requested_at`, `roles`) VALUES
(1, 'Admin', 'admin', 'trollytrolleuse@gmail.com', 'trollytrolleuse@gmail.com', 1, NULL, '$2y$13$YX182k1uaApOHH1XD9f2Q.Lr7xlS1Xc1TYkruub0N1VO78urKrR7i', '2018-09-03 15:01:01', 'tZCFlPYmsP7-mq4JO-YWDAuFUgMw3BQuFCCcKUJQMoc', NULL, 'a:1:{i:0;s:10:\"ROLE_ADMIN\";}');

-- --------------------------------------------------------

--
-- Structure de la table `user_order`
--

DROP TABLE IF EXISTS `user_order`;
CREATE TABLE IF NOT EXISTS `user_order` (
  `id` int(11) NOT NULL AUTO_INCREMENT,
  `user_id` int(11) DEFAULT NULL,
  `user_order_pending_id` int(11) DEFAULT NULL,
  `user_order_complete_id` int(11) DEFAULT NULL,
  `quantity` int(11) NOT NULL,
  `firstName` varchar(255) COLLATE utf8_unicode_ci NOT NULL,
  `lastName` varchar(255) COLLATE utf8_unicode_ci NOT NULL,
  `billingAdress` varchar(255) COLLATE utf8_unicode_ci NOT NULL,
  `deliveryAdress` varchar(255) COLLATE utf8_unicode_ci NOT NULL,
  `email` varchar(255) COLLATE utf8_unicode_ci NOT NULL,
  `gift` tinyint(1) NOT NULL,
  `validatedAt` date NOT NULL,
  `cart_id` int(11) DEFAULT NULL,
  PRIMARY KEY (`id`),
  UNIQUE KEY `UNIQ_17EB68C01AD5CDBF` (`cart_id`),
  KEY `IDX_17EB68C0A76ED395` (`user_id`),
  KEY `IDX_17EB68C0416808D4` (`user_order_pending_id`),
  KEY `IDX_17EB68C0ED09C882` (`user_order_complete_id`)
) ENGINE=InnoDB DEFAULT CHARSET=utf8 COLLATE=utf8_unicode_ci;

--
-- Contraintes pour les tables déchargées
--

--
-- Contraintes pour la table `article`
--
ALTER TABLE `article`
  ADD CONSTRAINT `FK_23A0E6612469DE2` FOREIGN KEY (`category_id`) REFERENCES `category` (`id`),
  ADD CONSTRAINT `FK_23A0E661605B9` FOREIGN KEY (`supplier_order_id`) REFERENCES `supplier_order` (`id`),
  ADD CONSTRAINT `FK_23A0E664B13ADB4` FOREIGN KEY (`characteristics_id`) REFERENCES `characteristics` (`id`),
  ADD CONSTRAINT `FK_23A0E666D128938` FOREIGN KEY (`user_order_id`) REFERENCES `user_order` (`id`),
  ADD CONSTRAINT `FK_23A0E667F755AD6` FOREIGN KEY (`cart_element_id`) REFERENCES `cart_element` (`id`);

--
-- Contraintes pour la table `article_genre`
--
ALTER TABLE `article_genre`
  ADD CONSTRAINT `FK_F4E741E94296D31F` FOREIGN KEY (`genre_id`) REFERENCES `genre` (`id`) ON DELETE CASCADE,
  ADD CONSTRAINT `FK_F4E741E97294869C` FOREIGN KEY (`article_id`) REFERENCES `article` (`id`) ON DELETE CASCADE;

--
-- Contraintes pour la table `article_image`
--
ALTER TABLE `article_image`
  ADD CONSTRAINT `FK_B28A764E3DA5256D` FOREIGN KEY (`image_id`) REFERENCES `image` (`id`) ON DELETE CASCADE,
  ADD CONSTRAINT `FK_B28A764E7294869C` FOREIGN KEY (`article_id`) REFERENCES `article` (`id`) ON DELETE CASCADE;

--
-- Contraintes pour la table `article_supplier`
--
ALTER TABLE `article_supplier`
  ADD CONSTRAINT `FK_CEC298152ADD6D8C` FOREIGN KEY (`supplier_id`) REFERENCES `supplier` (`id`) ON DELETE CASCADE,
  ADD CONSTRAINT `FK_CEC298157294869C` FOREIGN KEY (`article_id`) REFERENCES `article` (`id`) ON DELETE CASCADE;

--
-- Contraintes pour la table `cart`
--
ALTER TABLE `cart`
  ADD CONSTRAINT `FK_BA388B7A76ED395` FOREIGN KEY (`user_id`) REFERENCES `user` (`id`);

--
-- Contraintes pour la table `cart_element`
--
ALTER TABLE `cart_element`
  ADD CONSTRAINT `FK_BA9A963E1AD5CDBF` FOREIGN KEY (`cart_id`) REFERENCES `cart` (`id`),
  ADD CONSTRAINT `FK_BA9A963E7294869C` FOREIGN KEY (`article_id`) REFERENCES `article` (`id`);

--
-- Contraintes pour la table `category_genre`
--
ALTER TABLE `category_genre`
  ADD CONSTRAINT `FK_6B637CB112469DE2` FOREIGN KEY (`category_id`) REFERENCES `category` (`id`) ON DELETE CASCADE,
  ADD CONSTRAINT `FK_6B637CB14296D31F` FOREIGN KEY (`genre_id`) REFERENCES `genre` (`id`) ON DELETE CASCADE;

--
-- Contraintes pour la table `category_to_genre`
--
ALTER TABLE `category_to_genre`
  ADD CONSTRAINT `FK_3F1686B312469DE2` FOREIGN KEY (`category_id`) REFERENCES `category` (`id`),
  ADD CONSTRAINT `FK_3F1686B34296D31F` FOREIGN KEY (`genre_id`) REFERENCES `genre` (`id`);

--
-- Contraintes pour la table `characteristics`
--
ALTER TABLE `characteristics`
  ADD CONSTRAINT `FK_7037B1566995AC4C` FOREIGN KEY (`editor_id`) REFERENCES `editor` (`id`),
  ADD CONSTRAINT `FK_7037B1567294869C` FOREIGN KEY (`article_id`) REFERENCES `article` (`id`),
  ADD CONSTRAINT `FK_7037B156F675F31B` FOREIGN KEY (`author_id`) REFERENCES `author` (`id`);

--
-- Contraintes pour la table `comments`
--
ALTER TABLE `comments`
  ADD CONSTRAINT `FK_5F9E962AA32EFC6` FOREIGN KEY (`rating_id`) REFERENCES `rating` (`id`),
  ADD CONSTRAINT `FK_5F9E962AA76ED395` FOREIGN KEY (`user_id`) REFERENCES `user` (`id`);

--
-- Contraintes pour la table `favs`
--
ALTER TABLE `favs`
  ADD CONSTRAINT `FK_C6752822A76ED395` FOREIGN KEY (`user_id`) REFERENCES `user` (`id`);

--
-- Contraintes pour la table `rating`
--
ALTER TABLE `rating`
  ADD CONSTRAINT `FK_D88926227294869C` FOREIGN KEY (`article_id`) REFERENCES `article` (`id`),
  ADD CONSTRAINT `FK_D8892622A76ED395` FOREIGN KEY (`user_id`) REFERENCES `user` (`id`);

--
-- Contraintes pour la table `supplier`
--
ALTER TABLE `supplier`
  ADD CONSTRAINT `FK_9B2A6C7E642B8210` FOREIGN KEY (`admin_id`) REFERENCES `admin` (`id`),
  ADD CONSTRAINT `FK_9B2A6C7E8D9F6D38` FOREIGN KEY (`order_id`) REFERENCES `supplier_order` (`id`);

--
-- Contraintes pour la table `supplier_order`
--
ALTER TABLE `supplier_order`
  ADD CONSTRAINT `FK_2C3291B26B7CFCFC` FOREIGN KEY (`supplier_order_pending_id`) REFERENCES `admin` (`id`),
  ADD CONSTRAINT `FK_2C3291B2D896748C` FOREIGN KEY (`supplier_order_complete_id`) REFERENCES `admin` (`id`);

--
-- Contraintes pour la table `user_order`
--
ALTER TABLE `user_order`
  ADD CONSTRAINT `FK_17EB68C01AD5CDBF` FOREIGN KEY (`cart_id`) REFERENCES `cart` (`id`),
  ADD CONSTRAINT `FK_17EB68C0416808D4` FOREIGN KEY (`user_order_pending_id`) REFERENCES `admin` (`id`),
  ADD CONSTRAINT `FK_17EB68C0A76ED395` FOREIGN KEY (`user_id`) REFERENCES `user` (`id`),
  ADD CONSTRAINT `FK_17EB68C0ED09C882` FOREIGN KEY (`user_order_complete_id`) REFERENCES `admin` (`id`);
COMMIT;

/*!40101 SET CHARACTER_SET_CLIENT=@OLD_CHARACTER_SET_CLIENT */;
/*!40101 SET CHARACTER_SET_RESULTS=@OLD_CHARACTER_SET_RESULTS */;
/*!40101 SET COLLATION_CONNECTION=@OLD_COLLATION_CONNECTION */;
